hours_studied,chapters_completed,mock_tests_attended,pass
5.993428306022466,7,4,1
4.72347139765763,0,5,1
6.295377076201385,7,5,1
8.046059712816051,5,5,1
4.531693250553328,3,3,0
4.531726086101639,11,0,1
8.158425631014783,7,5,1
6.534869458305818,2,1,0
4.061051228130096,3,4,0
6.085120087171929,5,5,0
4.0731646143750755,10,1,1
4.068540492859486,6,5,1
5.483924543132068,3,0,0
1.1734395106844042,3,0,0
1.5501643349739345,6,5,1
3.8754249415180544,5,1,0
2.9743377593311524,10,4,0
5.628494665190548,7,1,1
3.1839518489575784,0,4,0
2.175392597329417,9,5,1
7.931297537843108,10,4,1
4.548447399026928,6,2,0
5.1350564093758475,11,3,1
2.1505036275730864,6,3,0
3.9112345509496347,10,0,0
5.2218451794197325,6,2,1
2.6980128451553944,6,3,1
5.751396036691344,9,5,1
3.79872262016239,9,4,1
4.416612500413446,7,4,0
3.796586775541206,8,1,1
8.704556369017876,8,1,1
4.973005550524132,1,4,0
2.8845781420881993,6,5,1
6.645089824206378,6,4,1
2.5583127000579555,3,1,0
5.4177271900095105,8,3,1
1.0806597522404489,7,0,0
2.343627902203139,11,1,0
5.393722471738247,0,5,1
6.476933159990821,1,3,1
5.342736562379941,1,3,0
4.768703435223519,11,3,1
4.3977926088214225,11,2,1
2.0429560192651453,10,2,0
3.5603115832105825,7,3,1
4.078722458080425,0,5,0
7.114244452437831,3,4,1
5.687236579136923,9,5,1
1.473919689274532,11,2,0
5.64816793878959,4,1,0
4.229835439167367,8,2,0
3.6461559993880828,6,4,0
6.2233525776817356,7,0,0
7.061999044991902,10,2,1
6.862560238232398,8,5,1
3.3215649535547227,6,5,1
4.381575248297571,4,3,1
5.662526862807128,4,3,0
6.951090254244718,9,3,1
4.04165152430942,10,0,1
4.628682046672366,5,4,1
2.7873300519879436,4,1,1
2.6075867518386584,11,5,1
6.625051644788396,10,5,1
7.712480057141645,8,4,1
4.855979756839332,2,0,0
7.007065795784048,2,3,0
5.723272050095268,6,4,0
3.7097604907897512,6,1,0
5.722791211016828,5,3,0
8.076073132931938,2,1,1
4.928347921780097,6,2,0
8.129287311628012,4,1,0
0.0,6,3,0
6.643805008750448,1,2,0
5.174094136476342,5,3,1
4.401985299068265,7,5,1
5.183521553071005,0,3,0
1.0248621707982144,3,2,0
4.560656224324976,10,1,1
5.7142251430234925,0,5,1
7.955788089483033,0,0,0
3.9634595634527052,9,0,0
3.3830127942136246,11,0,0
3.996485912830927,10,0,0
6.830804235404148,7,4,1
5.657502219319369,6,0,0
3.9404795924659224,11,2,1
6.026534866226712,9,0,0
5.194155098696081,0,3,0
6.937289981065779,10,0,0
3.5958938122452953,1,1,0
4.3446757068044635,3,2,0
4.215783693735685,0,2,0
2.072970103735763,2,5,1
5.592240554129152,7,4,1
5.522110544359778,7,3,0
5.010226913284922,7,2,0
4.530825733249706,5,1,0
2.1692585158991715,5,0,0
4.158709354469282,4,2,0
4.314570966946461,8,1,0
3.395445461556762,3,0,0
4.677428576667982,9,4,1
5.8081017136290765,11,2,1
8.77237180242106,11,2,1
5.349155625663678,11,1,0
5.515100781445529,6,5,1
4.851108168467666,0,3,1
1.162457569401917,8,4,1
4.946972249101567,6,3,0
5.120460419882053,9,2,0
9.926484224970572,11,3,1
4.615278070437755,8,0,0
5.603094684667225,6,4,1
4.9305764605895135,1,3,0
2.662643924760936,5,0,0
7.285645629030041,9,1,0
6.503866065373549,11,3,1
6.582063894086094,10,4,1
3.181225090410522,3,0,0
7.805588621872198,2,3,1
2.1962978744154382,1,1,0
6.173714187600541,5,3,1
9.380911251619956,7,0,0
3.0189273497386235,5,3,0
3.867404540794456,8,4,0
5.199302730175282,4,2,0
3.9930486917676014,1,0,0
1.8986731378677346,7,0,0
5.137125949612055,8,0,1
2.8753925725477902,9,0,0
5.9471848612703635,3,3,0
3.1611515315323935,5,4,0
8.09986881003508,10,1,0
3.4334934153275256,9,4,1
4.355876967588649,7,0,0
6.62703443473934,8,5,1
2.5382713671320896,11,3,0
5.4549198692082586,4,5,0
7.614285508564857,11,3,1
1.785033530877545,5,0,0
5.369267717064608,10,3,0
5.519765588496847,3,0,0
6.563645743554621,4,4,0
2.526098578243836,6,2,0
2.3590867738314474,8,3,0
6.0438831312337955,9,0,0
5.5939693464663724,10,5,1
5.5009857006917535,5,0,0
5.692896418993952,5,5,1
3.6399505568430186,7,3,1
5.464507394322007,10,1,1
5.586144946597362,3,5,0
3.571297163947264,2,0,0
8.731549022289514,6,3,1
5.947665841823575,4,0,1
2.617393005594703,1,1,0
6.313107217267659,1,2,0
3.050636659545357,10,1,1
6.574169207484904,5,4,0
7.317191158014808,7,3,1
3.358635363296579,0,1,0
6.926752258488643,10,2,1
5.825561853872997,5,0,0
6.64412031998898,11,3,1
8.793585965307894,1,5,1
4.509223767994259,1,1,0
3.492527671285021,6,2,0
3.2209711407489534,9,1,0
3.3683794300691234,0,4,0
4.845796581171792,5,3,0
5.682303949633288,6,0,0
5.553381598660038,7,2,1
6.654366498072047,6,1,0
5.026003783755814,5,3,1
7.907068154314634,8,1,1
4.470686333524088,2,3,0
10.0,10,4,1
6.251334695530012,5,1,0
3.285684887167435,3,4,0
2.8582150038777754,1,5,1
5.96494483048637,0,5,1
4.553074429348298,11,2,1
6.428000988184184,11,4,1
5.94647524914709,0,3,0
4.854342174686255,10,2,0
3.30641256386319,9,1,0
1.9703055506282707,2,1,0
4.106970095865957,3,3,1
6.712797588646945,1,0,0
5.4281874882604075,11,0,1
2.508522442576024,10,1,0
5.346361851702364,10,3,1
5.770634759457674,10,0,1
3.2322851275977342,0,4,0
5.307450211891056,3,1,0
5.116417436892,6,5,1
2.714059404338754,9,4,1
5.715574720696567,10,3,1
6.121569052736469,5,5,1
7.166102486350554,5,4,1
7.1076041040698055,10,0,1
2.244661264085818,8,0,0
3.124349920169754,1,5,0
6.0300705344173195,3,2,0
6.027571901824418,4,1,1
6.030095372612096,0,5,0
10.0,7,3,1
6.141781021386334,7,1,0
7.271131280361198,5,4,1
6.908003526986405,11,3,1
6.302782502611596,4,3,1
4.369461510719309,7,0,0
6.517938440986535,2,4,1
3.4543495709248564,2,0,0
4.526362786519982,1,0,0
4.029272904341793,4,2,1
5.163748278772645,2,0,0
9.629317133347017,2,1,1
1.2654696148165039,5,3,0
6.372520380749027,7,0,0
1.7745682576206967,1,5,0
4.056136268421133,3,1,0
7.177901193934732,10,4,1
5.128560038190925,6,3,0
2.8445104441413878,0,5,0
3.5693925814800638,0,5,0
6.359195497869352,11,4,1
3.5392667365657267,9,5,0
5.43291717916395,6,1,0
5.091143679807628,6,4,1
3.6967993047883656,0,5,0
9.28788817865065,0,4,1
6.267838044636022,3,4,1
0.9497148266847857,4,0,0
5.3729086295388555,4,0,0
3.676427070463224,3,0,0
6.704866669592448,7,5,1
3.4149585231345987,6,3,1
4.770527117066202,8,1,0
6.0099745579609145,6,5,1
6.731510388340243,9,0,1
2.5994071858884475,0,4,0
4.330997528318103,6,5,1
4.050109377678088,0,4,0
3.693341534852576,6,4,1
8.530908480562193,9,4,1
5.809963421921911,7,2,1
2.4782320913299096,10,3,1
6.835723894109552,8,1,0
9.244312394025266,11,1,1
7.064930521102294,2,0,0
1.9612600680919732,3,2,0
4.031531854267497,3,5,0
7.533822298373245,11,5,1
3.5846610687624385,8,1,0
5.887638856292456,6,3,0
6.5492681068586736,2,4,1
3.1461390568438343,9,0,0
4.8809492878764,4,3,0
0.0,6,1,0
2.9512247173314203,7,2,0
4.494863697213679,0,0,0
2.504433636070301,11,1,1
8.26482260786327,1,5,1
2.1397172440787346,6,0,0
4.119911026606032,10,1,0
5.2614811545721825,1,5,1
7.8825465781322315,6,5,1
2.1282756976411212,8,4,1
7.326327504309919,10,2,0
5.020466122039174,1,4,0
3.036982697904098,6,1,0
5.924206948526542,3,3,1
5.39811939114694,10,4,1
3.799566245682411,1,3,0
5.139604169980037,6,5,1
4.22937280627648,4,1,1
5.227034690502496,0,2,0
6.324261349042093,4,3,1
8.172033632290704,11,1,1
2.524369002346302,11,3,1
9.266066749312532,2,4,1
1.0958244009549962,6,1,0
4.6964298099288335,5,4,1
6.176634412969153,7,0,0
5.561983735470065,4,1,0
3.7546009603588124,1,3,0
4.5837554992854495,8,0,1
4.013998130682334,10,4,1
3.821270486111577,7,4,0
6.699204194042049,5,3,1
5.714030971930095,9,0,0
3.6141808094786914,6,5,1
6.799199750866501,8,2,1
5.614599041753219,6,3,1
6.62572423767792,2,4,0
6.259257683847224,5,1,1
3.3420099781558554,10,0,0
3.879637919606061,10,5,1
6.494587210246523,6,2,1
6.22074053086693,1,1,0
4.958196812071704,2,0,0
5.234654766617564,3,5,1
7.55532979157685,9,3,1
3.8168572223283403,5,5,1
6.094194762340075,0,3,0
4.595614695132212,8,0,0
4.56463759354556,4,5,1
7.19755370397438,11,2,1
6.6508326979760595,6,5,1
6.627019272001277,8,0,0
7.610957614308658,8,1,1
5.042007683265518,0,1,0
6.363905942589928,0,5,1
4.379466486813088,2,5,1
5.648332704976884,5,3,1
4.739713891264631,1,0,0
5.193991929985437,9,3,1
6.190314050873827,11,2,1
3.3635586335330547,10,1,1
9.184774551370921,0,4,1
2.987965237000596,0,4,0
2.5716227744245357,4,0,0
7.316221747000135,3,0,0
6.583325387925871,0,4,1
6.24823963410431,3,0,0
6.25669101852856,2,1,1
4.975506454306171,1,2,0
3.2054912570283367,8,2,1
5.151609116387453,10,3,1
3.6456765769757764,0,1,0
6.9502394668355025,6,0,0
4.705885236995723,3,0,0
3.349005606414977,4,3,1
4.357228316694013,9,3,1
5.825862908551248,4,0,0
3.8725508943920506,0,0,0
3.3555592088671373,5,1,0
5.487374422983825,8,3,1
5.4899331422174455,1,1,1
3.9861136492577405,6,5,1
4.057923388763355,5,0,0
5.464099874715273,4,4,0
2.1038313170053518,3,4,1
2.1850724512468895,3,5,1
3.563111557495128,5,0,0
4.573105696576306,3,3,1
5.621815131196009,4,4,1
7.950712433899104,5,3,1
6.7153192464040385,4,4,1
4.680122940073145,6,3,0
4.961967584194622,8,4,1
2.9949412707243823,9,3,1
4.96297372801522,6,5,1
4.422682722159723,6,1,1
5.645437120676179,3,3,0
3.345538112895354,0,1,0
6.038693028482345,7,1,1
8.065477826005155,3,0,0
4.782479703086285,0,5,0
5.8034234441978825,4,1,0
6.380287983422225,7,2,0
4.197559056228328,3,1,0
5.448184963620833,11,3,1
5.02518480156359,7,1,1
5.195352197097663,7,3,1
3.4539804322890673,2,3,0
5.049020348517885,8,2,0
5.9959965824909,2,1,0
7.902287215590084,0,1,0
6.918541652170414,1,4,1
9.306364915023114,5,4,1
3.465304874223901,11,0,0
6.744641273441356,9,3,1
5.366684011476703,1,2,0
9.379605866435345,5,4,1
3.383403429289697,0,1,0
3.3205563156384477,10,0,1
3.8012147091119557,0,2,0
0.7522085513803862,4,5,1
3.948489956638478,9,1,0
3.481734676892604,10,1,0
5.300787572952415,8,5,1
5.683511951554319,7,3,1
8.752341678431772,2,3,1
6.9008476763721,2,4,1
3.8461926886751936,0,4,1
3.203170657303284,2,1,0
5.983838343013011,11,1,1
2.3595335859587157,11,4,1
8.662917531708707,11,5,1
7.358880241442574,10,4,1
4.06164869579059,0,1,0
1.573730941818245,7,2,0
7.707744748330826,0,1,0
4.770920309494764,4,2,0
7.4756326239469235,8,2,1
1.8111446824112658,6,1,0
3.8012499540924543,3,0,0
5.010487399436366,10,4,1
5.093961187529484,8,3,1
4.099869057041513,8,1,0
6.2456998646949975,1,2,0
2.8647591412348112,9,1,1
4.715241029957413,9,4,0
5.240591263423798,10,5,1
6.028877668117498,11,2,1
6.423229756177779,5,3,1
2.7507158163242615,3,3,0
1.9317716585287554,7,3,1
7.555353643797018,11,5,1
5.6646280239591835,10,0,0
3.5030269268868928,6,2,0
8.102303951045046,6,5,1
5.231349268585717,10,2,1
7.358594368127653,9,5,1
5.135036962820218,8,5,1
9.121495849763974,4,0,0
8.510681684886409,5,2,1
4.502071703041853,0,5,0
6.943141901908711,5,0,0
6.290751899170295,1,1,0
7.737263115064698,5,4,1
3.070153078839791,8,5,1
6.372102919996879,7,3,0
7.116848973699176,8,0,1
1.4825210271537714,9,0,0
2.63348297466845,7,5,1
0.9215356444797989,2,0,0
4.461186331110884,7,1,0
6.435084511591924,5,0,1
8.004714104192056,5,4,1
5.14818956083955,5,4,0
8.257231091142584,2,3,1
2.2397970835702172,9,1,0
1.5932351212896907,0,4,0
4.888904602206763,11,5,1
5.768130897878614,3,2,0
4.934610503811814,9,2,1
0.8651157999202468,11,2,0
4.821759920974423,5,5,1
2.3910609989902936,10,0,0
6.339345097660077,11,5,1
5.733196492193697,9,0,0
3.1202404273452897,1,2,0
3.972266165326613,6,3,1
2.881572956222097,6,3,0
4.874641805453656,10,0,0
6.910284641002477,3,2,0
3.0285479073289125,3,5,1
6.008093031035688,0,3,0
3.9394847632551184,1,0,0
3.4142543354753117,8,5,1
4.785939280090885,9,2,1
2.929515355161252,7,1,0
3.892701389305636,7,2,0
2.604244214822303,8,2,1
8.929450265832779,6,5,1
5.070527103943458,8,5,1
3.6005489840148286,9,4,1
5.427959821468444,11,4,1
4.77534390061834,1,5,1
4.558060800933554,5,5,0
6.22833340008685,2,1,0
6.51501542009461,10,1,1
3.938997704778945,5,2,0
3.8483635187106398,2,3,0
4.449896605696712,7,1,1
0.39615767052883033,10,2,0
1.9696178756028955,3,0,0
7.733748534889049,11,4,1
8.289935427002568,9,3,1
4.501927920887243,5,2,0
6.153113926111533,8,5,1
5.622500309087072,1,0,0
10.0,1,4,1
7.2391498228691535,6,0,1
4.744164817038467,1,2,0
3.0889191187991485,1,1,0
1.787107359484855,3,4,0
5.406927271734446,8,0,0
3.487298509431393,7,1,0
2.1554925808046517,1,3,0
3.7068542315149466,7,2,0
2.83690399277121,3,2,0
8.37428327014513,1,4,1
6.763279513898901,10,0,1
4.9840547173667655,9,3,0
7.959888277780052,6,5,1
5.154736615295237,5,4,1
3.2774315973434724,9,5,1
8.046248154539315,4,4,0
6.077820087369317,10,0,0
2.925507691347087,0,3,0
4.619322643832784,1,0,0
3.2487634932304856,7,2,0
2.234400538071328,0,5,0
6.852355095063283,2,1,1
8.818833280940261,1,2,0
2.2028648523617176,4,2,0
6.125938473381142,3,5,1
3.698714861756346,6,4,1
4.0257492324706075,4,2,0
3.8152121515222617,7,3,1
3.2720184606403677,3,2,0
5.097043255889654,11,3,0
3.3380997671779244,5,0,0
5.540913651559678,3,4,1
4.899523781101726,1,3,0
4.522103906267181,0,2,0
3.1848726759168042,0,4,0
3.8464573388633347,7,4,0
6.510782451651512,3,3,0
6.0018343752487615,4,3,1
3.044889510402898,10,1,0
5.198664610858452,7,1,0
6.502774246743578,11,4,1
1.6611894377572565,6,5,1
6.08672038475987,7,5,0
3.674752482108307,7,1,0
6.141197337186319,5,2,0
3.4734816869149663,9,0,0
1.390235798670962,1,4,0
1.7449151242336747,5,0,0
5.096169893322764,0,1,0
5.519445003442963,0,3,0
3.191366749791183,10,4,1
6.277184917554748,2,1,0
1.6769598754620803,2,2,0
4.867840402705367,10,4,1
2.5779676004750867,4,4,1
3.696327784395682,0,5,0
5.094797342632828,9,3,1
3.2791732694320954,5,4,0
4.230888911540349,6,3,0
7.012585618428881,9,1,1
3.8462162609537023,11,2,1
6.671384224130284,10,2,1
2.740586290684764,2,4,0
6.059608355830566,3,4,1
7.883137241315801,9,1,1
0.056710999745421375,10,5,0
3.406209489059046,9,5,1
6.15414425436108,11,5,1
4.593909227914015,9,3,1
5.742291746742618,9,5,1
3.792029626568359,9,2,0
5.1731795749458,2,3,1
4.688645529215841,0,1,1
7.335564123319615,7,2,1
5.508841686602426,9,2,1
5.675205324150404,9,0,0
4.1762460677550655,1,1,0
4.024787551855013,0,1,0
4.134883624360758,7,0,0
5.788904284756594,6,3,0
4.158031038359474,6,5,1
5.579549713792826,3,5,1
9.150801597290878,10,5,1
6.742249406863385,8,5,1
4.347952935664318,5,5,1
7.40242784432789,1,0,0
4.183849253956897,0,1,0
0.9237509296442923,0,3,0
2.983827378165192,8,2,0
1.2584161579482886,3,5,0
4.296973031917383,4,0,0
5.036836758379104,2,3,0
8.352874624550566,3,3,1
5.653854747528325,11,3,1
4.561798942382271,7,0,0
6.658811162366979,3,2,0
0.5777293819842297,8,5,0
5.471229116217132,8,3,1
6.541730387773933,5,0,1
2.042827508440317,1,1,0
7.287508086413858,11,0,1
5.676992814988829,9,0,0
4.169424172198397,10,0,0
6.26556373221257,6,3,0
9.541385715608792,8,0,1
5.36373251011699,5,1,0
5.496441172600672,2,3,1
4.081278200919511,6,1,0
3.3003112610704166,4,4,1
6.660671633088491,0,0,0
3.2878323481822656,2,5,0
5.143132474438785,4,5,0
4.044685106469767,6,3,1
5.957959651492784,2,5,1
5.667324210573897,5,3,1
7.075079888515798,4,0,0
3.979967202290506,0,2,0
4.460250129413257,9,2,0
3.042472568435385,5,1,0
4.111413479847776,7,0,0
5.754600986089704,0,5,0
6.513977233290704,1,0,0
3.1556693516447494,3,4,0
6.73921184021132,11,2,0
7.711275717609902,1,5,0
5.826869806447402,10,2,0
8.753591625116131,8,0,1
3.452421601792854,9,5,1
2.510690593377166,7,1,0
1.4425595021914428,7,0,0
7.9920886229783665,3,1,1
6.308731312708115,4,5,1
4.8888306581790895,3,2,1
5.5599372526396404,8,4,1
2.749021905403247,1,3,0
9.891503959233653,10,2,1
5.258442363950455,7,1,0
5.218789589209786,1,0,0
6.451533247797384,0,5,1
5.962018463473426,9,2,0
5.447768048558263,2,4,1
3.4190510891093764,8,5,1
5.942936714271991,11,1,1
8.764048992950068,2,5,0
7.690840092309955,8,5,1
8.186373253278795,6,0,1
3.9775686471376295,9,3,1
3.020790359482838,0,1,0
4.748426159800704,9,0,0
5.111449824577389,4,3,1
7.188383036941897,8,0,0
1.6150707405703613,11,3,0
8.059100638921228,2,3,0
4.683984202842021,8,3,1
4.14623786010516,4,0,0
2.975791249479665,8,5,1
1.6902866562684613,9,3,0
6.646341167923829,5,5,1
5.146635934376808,8,1,0
2.4200782005178922,6,4,1
2.409842455872768,6,5,0
4.328430601419743,7,4,1
8.338043050578786,6,3,1
4.48081729727279,11,4,1
1.9937140937637876,8,4,0
4.508513871828112,10,3,1
4.454552860504659,8,5,1
0.0,5,3,1
4.8914102669643755,6,1,1
4.538130939582644,1,2,1
6.3924127296268365,8,0,1
8.69791218989069,11,3,1
7.253130059095515,0,3,0
4.462222618890339,0,4,0
2.7869481825166593,2,1,0
10.0,11,4,1
5.118436868028977,5,5,1
5.027858583825893,4,3,1
4.951749825779993,1,3,0
5.39616952153571,8,4,0
4.711279176152115,9,3,0
3.8526759862395275,3,5,1
3.9062821175192157,3,2,1
4.934493459568003,4,0,0
3.91315045773247,7,0,0
3.5743084346456713,9,0,0
5.212860455383794,3,2,0
4.490045565158289,4,3,0
8.007985977165378,11,4,1
0.0,3,1,1
7.1830137038449235,5,3,1
7.492170384995259,11,2,1
0.8532195351837011,2,5,0
4.314624811839303,7,2,0
4.257118268008417,5,0,0
2.1849766105643575,9,3,0
3.444366624818249,4,0,0
2.7788483090683425,1,1,0
8.504540886847245,9,5,1
6.871356786294922,9,0,1
7.543110189988317,6,1,0
6.44334412808647,1,2,0
2.7418964575655416,0,0,0
3.9509594674404527,6,0,0
5.978749122455836,4,4,1
2.5557443822161092,0,5,0
6.425996860344776,3,5,0
4.5193492036837295,11,2,0
4.250358384900805,3,4,0
6.421919936406983,9,1,1
5.88852662297208,6,1,0
4.278067668361841,8,2,1
7.318659606728496,1,5,1
2.8378733448002054,11,1,0
6.231871213888527,0,2,0
6.186202515936768,1,1,0
4.38090712137202,6,3,0
5.652266044484236,9,0,1
2.497772847229394,5,5,0
6.848054038413802,3,3,1
4.630195727114022,0,2,0
3.954553958961921,0,2,0
7.098018451673779,4,3,1
3.5913126189144817,0,0,1
2.1830774072728807,11,0,0
1.8867416529521925,6,4,0
6.21201990269128,10,1,1
2.439141295007434,0,4,0
8.50958836396873,0,0,0
0.8361411842325559,1,3,0
8.392912736580076,10,1,1
5.422034934405237,11,3,1
4.806573776259215,9,4,1
3.9101618263821005,2,2,0
5.798272228704142,10,3,1
4.9247305951503035,0,4,0
7.2066037640330425,8,4,1
5.228455297324079,9,4,1
5.300603522923756,7,2,0
4.272775575572288,4,2,1
4.886108752557865,10,2,1
5.615603537784119,1,1,1
1.5796632146867489,4,2,0
2.303629155788574,5,2,1
6.48652818804543,0,2,0
5.341730876255884,10,3,0
4.632033327294642,3,2,0
5.036867866130787,8,1,1
5.695163410723342,1,4,0
3.920480639381277,4,3,0
3.4433905491953745,0,0,0
5.391690510195363,3,2,0
3.0432544447699357,3,4,0
5.816505511428944,5,4,0
1.5948327915243192,9,3,0
7.058311274651287,8,0,0
5.9451949648260864,2,5,1
5.5120594686277515,8,1,1
6.965381967891028,5,5,1
8.330948888925153,6,4,1
7.028740130036261,11,5,1
1.3182515373367094,9,4,0
2.440846066528597,1,5,0
3.7503628446086426,10,4,1
5.052182100421668,9,4,1
6.035318040938246,5,3,0
3.548512373693069,5,0,0
5.373533528954157,1,4,1
3.489234135293355,1,1,0
3.7769643940161037,1,1,0
2.1866778063035555,9,2,0
3.1535335077781914,11,4,1
2.2966307887673327,0,4,0
3.0482534940453343,4,4,0
7.107283593215679,7,5,1
3.1012022223361138,1,4,0
10.0,4,4,0
5.9866358017617785,11,1,1
5.369672247389747,7,0,0
3.2832844396375727,9,0,1
6.4006197588179825,4,2,1
3.848724347524452,1,1,0
5.244019629290723,2,4,0
10.0,5,0,1
4.8078802005507,10,3,1
7.298546652571352,10,3,1
3.593647149748225,4,3,0
4.930023019006077,10,4,1
8.54160127127102,3,4,1
3.746065884424465,3,2,0
8.624897115993857,4,2,1
6.415503870910951,1,2,0
3.8750664482114647,8,5,1
6.264815478111042,1,3,0
6.9451088992534595,9,4,1
6.243619924434393,1,3,1
1.8595505602190872,9,2,0
3.545725648350263,8,4,1
4.504962728896991,2,1,0
4.851133141799908,9,0,0
6.241344195101356,6,0,1
5.355402001866508,3,2,0
2.3293112825797975,5,3,0
5.760395702011927,3,1,0
6.221171490567646,9,4,1
6.11958089586208,6,3,1
7.161561451109243,0,2,1
6.667844309097808,2,3,0
5.918360158456873,2,2,0
4.859668577082706,0,5,1
1.6780781329680172,5,0,0
5.859236438265172,10,0,1
5.4153753743262225,8,3,1
5.543157674390747,7,1,1
2.446502848359381,10,4,1
2.8378869191834752,6,2,0
7.1063057066658075,9,4,1
4.92088969228669,7,0,0
6.363001394745249,5,1,0
5.056636752260922,8,1,0
5.05951227899149,2,4,0
6.876567611951995,9,0,0
3.967910543565252,9,4,0
5.192241553881967,8,3,1
4.075449422589915,3,1,0
4.131007545135369,6,1,0
4.381655753062721,8,3,1
5.444267543267426,1,0,0
4.042502756673045,1,1,0
7.511512251147042,8,5,1
3.2107853955609924,11,5,1
4.626256711677282,2,5,1
4.12053788345165,8,2,1
7.893955768707466,4,2,0
5.393109553023149,5,0,0
7.063689078937269,1,3,0
2.028879253926056,7,4,1
5.534100531738518,10,0,0
6.779261591246874,8,4,1
5.164567978550848,1,0,0
7.130960750130702,5,2,1
3.9654230997992554,5,5,0
7.81869488037116,7,3,1
9.5977962472385,9,2,1
4.274322879120682,11,3,1
4.1089949571984565,4,4,0
7.906768954235401,8,0,0
8.159144291461425,0,1,0
3.9542799456934636,8,1,0
4.159626365808285,9,3,0
4.436430782278985,6,5,1
2.311098977931446,3,5,1
3.1626961070316035,2,3,0
2.9917184664958643,9,2,1
3.464404869791743,10,1,0
4.930630225226437,5,2,0
5.468429465073042,11,4,1
8.101000985628154,0,1,0
3.003291918522418,2,4,0
6.968644796953168,1,0,0
4.572022311548982,10,2,0
4.901072580695134,8,3,0
6.3496389843332075,2,1,0
2.7545559568754028,1,2,0
5.764819492368101,3,3,0
5.332904416426112,1,0,0
5.984902528016298,0,1,0
5.5783372878156365,5,4,1
9.91060027982179,9,0,1
3.7245200314973683,7,5,1
3.9380060899963647,9,3,1
3.753718947150471,9,1,1
3.8890457616794905,1,1,0
3.7252257453869646,8,0,0
7.378033062215104,2,1,1
7.841008495979709,7,3,1
3.8585074125010475,11,0,1
3.3352888537915426,7,4,1
5.942831112772808,2,0,0
3.8955539114380575,2,0,0
6.265863635511021,11,4,1
5.405846041702599,5,5,1
1.9685117700055361,0,3,0
8.095010402660122,3,5,1
8.591755346191043,0,5,1
3.7744226190312276,2,5,0
4.224596880128032,8,2,0
5.57173078144981,4,5,1
5.66891357997405,11,2,0
6.317088545345661,4,4,1
9.0204090775327,10,3,1
4.646105545011901,3,5,1
3.4034055109230925,2,1,0
2.2413615439709456,4,4,1
3.538139920116162,10,2,0
4.933746054252405,3,3,1
8.589115727035576,7,0,0
3.964777401927657,3,3,1
5.447575903277797,10,3,1
4.967154207854496,11,5,1
7.376786546896168,7,5,1
10.0,5,2,1
3.938262454159359,11,2,1
4.021121114963556,10,5,1
7.0883217541381445,4,5,1
6.363782979252623,3,1,1
8.693414651472068,3,1,0
6.167856370651927,11,4,1
4.281415818425881,3,5,0
6.181309661384619,10,0,0
7.2174071611658155,8,1,0
6.640964362394728,3,2,1
6.014548062214596,11,3,1
7.133349379178307,8,4,1
7.3385911808913455,9,1,1
7.764317982075054,5,3,1
6.297419775179286,9,3,0
4.665763839366291,6,1,1
5.293427372866645,11,0,0
7.413017933016714,9,0,1
3.366128658025528,2,4,0
5.737346617745803,7,0,0
4.213322375345278,2,4,0
5.057489645869635,0,2,0
7.556903725214598,9,1,0
5.382198136039807,11,3,1
5.092873096312298,4,4,1
2.2802877180401615,1,0,0
6.492507132054442,9,4,1
6.29096836228215,5,5,1
9.32650944661092,9,4,1
4.384443530093998,8,0,0
5.438300655327878,0,5,1
5.498767367421511,3,5,1
8.15490655952695,0,0,0
4.809408935226096,0,5,0
5.558043051540679,7,1,0
6.215793019433079,10,3,1
5.3732182463127165,1,1,0
4.107132770898944,0,1,0
5.388179985796615,10,0,0
7.1472634997195446,7,0,0
2.9469694011778795,3,3,0
5.265939348293752,2,4,1
3.599758370121654,11,1,0
7.390093257849685,3,5,1
1.9536261904324506,10,3,1
3.8821563054568236,4,1,0
5.754423750129042,0,4,1
8.13104805846868,10,5,1
4.868499477854025,0,1,0
3.8896009466136032,2,2,0
8.76231413888118,5,3,0
2.103972199167512,0,0,0
0.6023880867598361,10,1,1
5.880028900106665,11,5,1
3.9958915512947777,1,5,1
2.9575343657385735,11,3,1
6.416712894598707,6,3,1
5.487601427542398,0,5,0
3.871842738526543,6,5,1
2.439391202658211,3,5,1
6.744914656560289,9,1,1
6.300402355917322,5,5,1
4.801648272441234,7,0,0
8.693273992095332,8,5,1
2.859830467347695,5,0,0
1.9489496581505223,11,1,0
3.616183860237511,10,3,1
4.908827967289004,8,0,0
5.486678898645383,3,1,0
4.5175278842873405,5,5,1
5.704110793028594,7,1,0
2.496921151619112,8,5,1
7.887529208146519,2,1,1
4.835697643214862,1,3,1
7.234591663176255,5,0,0
5.685450692755408,3,3,1
5.913506438307568,0,2,0
6.139534560464408,7,5,1
5.8954171200346295,8,0,0
6.285445519735088,8,3,1
7.658305060264863,1,0,0
5.39304233940294,8,2,1
6.418007515177025,6,4,1
4.820528611425546,4,5,1
7.880234430898946,6,5,1
3.6472153958814606,8,1,0
8.60188086582163,7,5,1
4.919684098711313,5,5,1
2.1384497957639037,3,3,0
5.2562088298215786,0,5,0
3.6378966850502383,5,5,1
6.681287097977448,2,2,0
3.694752041395218,5,2,0
4.107633133570441,5,0,0
1.220918538108938,3,0,0
4.095387361501847,1,5,0
0.15224134674208667,8,5,1
1.8321943530285534,1,1,0
6.520829312288595,2,0,0
6.571600317301664,9,3,1
5.85091512356993,0,5,0
3.066047713741574,6,3,1
4.90457728771604,0,5,1
4.992794921818863,10,3,1
2.6832706216149145,8,4,1
8.006796603534301,10,3,1
6.7547245811513426,10,0,0
4.558071652340672,0,5,1
5.053771677989062,4,0,0
5.416765615895105,6,3,0
0.9165302631514187,2,2,0
4.5056452349588065,8,2,0
3.6360315040044027,7,2,0
2.996759980210169,2,5,0
4.43779941422809,4,1,1
8.595373053699046,6,4,1
6.28168572253402,11,3,1
3.8576420204344064,3,1,0
6.145165562712317,4,2,0
7.798710873172004,2,3,1
6.849267365825538,8,1,1
5.119260739840349,9,0,0
3.706126444588852,8,2,1
6.39644662722718,6,1,1
5.786970770843499,9,5,1
6.790386440055465,1,0,0
6.270343603363939,6,2,1
7.09910543063867,6,4,1
3.9295295768788643,10,2,1
7.634788131268651,4,5,1
5.395199209384799,8,4,1
9.150521745250531,11,4,1
3.6216243638208643,10,4,1
8.4719276063305,2,3,1
5.395821566925296,3,3,1
3.6971639927711033,0,4,0
4.032228331891357,5,0,0
4.3593053836113596,3,4,1
5.848331892803833,0,1,1
6.0456709760709995,1,4,0
3.852599992122842,2,3,1
4.951290815478035,8,3,1
9.284540717223727,7,1,1
8.455086340201422,6,1,1
5.872647339348064,10,2,1
5.076006956336401,11,0,1
5.240062653436523,3,0,0
6.227035945460833,0,0,0
2.954414869603189,7,5,1
4.48524692515331,3,3,1
1.662831852244821,2,0,0
5.798446245210559,8,2,0
6.294391879405482,9,2,1
4.033627075401252,3,0,0
8.147973526580065,3,1,0
2.5484686739953175,8,2,0
2.0712502395803596,11,1,0
5.448903637119944,10,3,1
7.094196605224309,11,5,1
8.367855382915737,1,2,1
4.0822314742621195,11,1,1
7.157361666862592,4,0,0
4.922983060998585,3,3,0
4.654745400118361,8,4,1
6.767319874973345,11,4,1
6.304645756826839,4,0,0
1.8472156860315012,8,3,1
7.9530806994517915,10,3,1
7.760182708294903,8,3,1
3.748874596980941,1,3,0
5.791607066874818,8,4,1
5.988060372565478,2,1,0
5.521347531647814,3,3,0
3.8993896923091595,0,1,0
3.656753264123897,0,3,0
4.9488918580171095,0,2,0
7.345458038518729,8,5,1
6.087200309188865,10,2,1
4.258771335827788,7,5,1
6.54339742129669,4,2,1
0.0,4,3,0
7.297531400744207,8,1,1
1.5205724424438007,2,5,0
4.275118117193736,2,4,0
2.7606602107477123,6,0,0
2.4106370485581885,8,5,1
7.321653574757039,5,5,1
4.064597597376217,1,4,0
5.693007763461432,0,3,0
4.906158842241632,1,2,0
5.954081654446243,0,2,0
5.15364378212051,9,1,1
2.4340155516228608,9,3,0
6.99253363889428,8,4,1
4.012486833677375,9,3,1
1.886836202680498,11,3,0
4.143769678068175,7,2,1
8.00151958126862,6,4,1
6.7004434842269855,2,0,0
4.302695731184282,7,5,0
4.301484591363143,1,2,0
4.356729897565235,1,4,0
9.153495967121682,10,1,1
5.763870904463107,9,5,1
5.8600832943821395,2,5,1
7.060566908063684,6,2,1
5.477578318053027,0,1,0
4.481915708358594,7,2,0
4.607300301830043,11,3,0
4.856797481171872,6,4,1
4.925555526980316,3,1,0
6.4552590872739595,4,5,1
5.103891771614599,9,2,1
6.465280154431158,0,5,1
4.838566839782835,3,1,0
5.157270380632181,0,5,0
1.0035986309357847,0,2,0
6.832655349404963,9,2,1
5.692976951795986,0,0,0
6.996020219719305,6,5,1
0.0,6,0,0
9.176749409561456,3,0,0
4.720820743689653,11,5,1
7.216365633475033,1,1,1
2.9201881457489383,11,3,1
6.225547810125139,2,2,0
2.8931688736526877,7,4,1
3.7524620786083895,7,0,0
8.828062707733572,10,1,0
4.6186351984733065,10,5,1
5.434865746359446,5,1,0
6.740135461377508,9,1,1
5.991363775945209,8,5,1
5.3008378102871525,10,4,1
5.729922004932451,11,5,1
9.80683117047655,8,4,1
4.884762405932829,3,5,1
5.402198093429935,11,0,1
7.1013087920152245,0,4,0
7.211051865915968,0,0,0
7.37406061112076,11,4,1
6.277460444058369,9,4,1
2.713990174539033,4,5,0
8.266863064602191,1,4,1
2.707309213962624,5,0,0
5.605270930478066,6,5,1
3.4914482999612844,0,2,0
4.871723306814015,5,0,0
5.657524820606961,7,2,0
5.642714430900546,11,1,0
5.84384150847057,4,5,1
8.227422538117294,11,1,1
5.90706860302796,6,5,0
4.511686729418702,9,5,1
6.928174336576714,5,0,1
7.378940977849281,3,2,0
2.544784369726015,6,5,1
6.194800139699716,9,2,1
6.402345484621796,8,5,1
4.404872993280016,9,2,1
7.751413626623239,9,1,1
4.699888825934947,6,0,0
5.2511529069430845,11,5,0
4.65385635143226,4,3,0
5.031158095162935,6,2,0
2.8074498262095964,2,2,0
2.1198982348114113,1,3,0
8.189010126449944,10,0,1
3.3060773033633444,4,2,0
3.0172153010873854,3,0,0
0.6932197727925704,4,2,0
3.7220765046209956,7,4,1
2.3538204131850033,11,2,1
8.284030320272738,3,4,1
7.019634178685268,8,5,1
3.6236993096445524,6,0,1
9.504871610688618,9,2,0
6.963530973983189,11,1,0
4.350337232982755,6,1,0
0.0011885702528537934,7,3,0
9.581885145181484,11,1,1
2.220855066472808,5,4,1
1.7092025060862164,7,1,0
7.045140864019281,2,1,1
9.879504812678546,9,1,1
7.768545637021036,9,2,1
6.12781824010472,0,3,0
6.189508683330572,5,0,0
6.706831117560616,0,3,1
6.5178571795735305,8,4,1
5.562382847938752,1,2,1
5.208402207903752,10,5,1
4.874813744200956,1,2,0
3.4920708222666477,6,1,0
4.438649846266452,1,1,0
1.614086371609229,9,4,0
4.8033207464105,7,5,0
3.022817785698165,5,2,0
2.792821365568458,6,5,0
5.359788302306957,6,0,0
7.784004572689199,5,3,1
6.836633212004626,9,2,1
1.858998792753646,10,5,0
3.020743726859325,8,0,0
6.881542375976432,8,0,1
3.035025212923381,6,3,1
4.550733700005951,8,0,0
6.100104198049104,9,4,0
3.0633110902727294,2,0,0
5.21075101229192,2,5,0
2.331949010163591,0,4,0
3.7972647120975727,4,0,0
5.639563868285074,3,1,0
1.8140125329366614,1,0,0
5.880949475920798,8,4,1
4.960724402146638,2,0,0
6.104979908834295,7,0,0
5.447828268129323,5,0,0
7.728280859947688,4,4,1
5.250449005295814,0,0,0
4.141188917749494,3,3,0
5.244595006064568,2,5,0
6.086596058072776,0,3,0
5.0977201406514085,11,4,1
5.081183382407764,4,1,0
3.5960166243864893,5,3,0
3.6741981648981037,1,5,1
2.194789456400613,2,2,0
8.499153486373878,10,5,1
2.51227352921743,5,3,1
3.6141896044081854,3,2,0
3.5631854688616054,8,4,0
6.789848753888883,4,5,1
4.410100643415944,3,1,0
7.495484145347468,1,2,0
3.653018751512263,5,2,0
5.557988324447604,9,5,1
3.3293058934804853,1,3,0
9.290298255546777,11,2,1
2.6248031619409744,6,4,0
5.619641420454055,2,5,1
6.267553761864197,8,4,1
5.827598194902997,10,5,1
4.629424682244584,4,4,1
4.740358600533147,7,3,1
5.087622943958219,10,5,1
4.705995996743023,5,1,0
6.927758233589819,11,3,1
9.421046003182703,9,4,1
3.885016429984333,7,5,1
2.2603940408418444,10,3,1
4.82343590329749,11,4,1
10.0,2,0,0
3.3926508640605384,2,0,0
8.278233610888135,4,2,1
8.355401628152881,10,1,1
3.892823516584011,9,0,0
6.137966158370551,2,4,1
8.256793246257075,7,3,1
4.241744518025026,9,5,1
4.592839279795276,11,3,1
3.8366381721027123,7,2,0
2.9704865386142663,1,3,0
3.701444909867986,11,0,0
2.552119466475487,3,3,0
5.068166936518452,9,0,1
3.4600535378827164,0,0,0
5.467571823581496,3,1,0
1.8882087075927454,11,2,0
5.661760464428914,10,4,1
6.6670579232178495,3,0,0
1.0125287148570892,9,5,1
5.748113139695144,8,2,1
7.455337984946585,2,4,1
2.580717962617589,1,5,0
8.345144773675408,8,3,1
5.838038018732091,8,2,0
3.5899762884831823,0,5,0
4.8884618446845876,5,2,1
6.116653825043445,9,2,1
5.152010782824823,7,3,1
6.077511984892738,2,3,0
3.1586528138412673,10,2,0
5.3387216480721555,8,5,1
2.1725710061900396,1,1,0
4.7775478773026,5,0,1
3.1921847170704205,0,3,0
3.528940114820467,6,1,0
7.472186350420875,2,3,1
7.182620241188538,6,2,1
6.218276241814354,3,1,0
2.815374470654842,8,5,1
4.367183100610396,4,5,1
7.426195399958367,2,4,1
5.28343382727981,7,0,0
9.63865907996339,5,0,1
5.786635678788744,1,3,0
5.3840982329800635,2,0,1
4.3817670715949975,7,4,1
5.267081809564565,9,5,1
4.695060327238912,6,1,1
6.416217353377181,9,1,0
6.913404633589169,5,5,1
3.4280210789841012,0,2,0
2.337534092884444,8,5,0
1.3275892537934069,2,1,0
6.015982653825088,4,3,1
2.793266787652253,6,4,1
0.6942188140950343,6,5,1
5.7771572090619285,2,2,1
9.985999034865582,3,3,1
4.987858176920214,9,5,1
6.676981548903283,6,3,1
5.16365871709513,7,5,1
4.8022206936177145,1,3,0
6.838152965975537,8,0,1
4.419450911622698,6,3,0
5.534784628143806,7,0,1
5.643395612392027,5,1,0
3.6638190927139025,5,0,0
6.984084699073046,8,3,1
4.650080486609182,3,4,0
3.4885096810143104,10,4,1
6.073019687140807,10,1,1
3.2030640364179255,4,3,0
5.056362314738257,8,0,1
4.981762006711593,0,4,1
7.171791131663156,3,5,1
5.949396465759905,6,2,0
4.949946082509713,10,3,1
6.635532598400574,8,5,1
7.780415098034627,10,5,1
6.115620612703724,11,3,1
5.0207052396867615,9,2,1
2.376327535299681,5,4,1
2.869772673849255,11,2,1
4.389550591290664,7,1,0
3.7809755956814337,8,0,1
4.626057394029108,9,0,0
5.113299849794214,3,5,0
6.059385508713461,0,4,0
4.859002443881818,7,2,0
5.9730032876524035,1,5,1
5.12894882962024,10,3,1
1.0490668672922574,0,5,0
3.1213292123624914,6,3,0
4.7118248885567695,11,3,1
2.580610514317785,9,1,0
6.199857459992409,8,1,0
8.061501664687395,10,3,1
7.437523703394634,11,4,1
4.573114258139584,11,1,1
7.9814522736999045,8,1,0
5.297334914404223,2,0,0
4.325828057763921,5,5,1
3.7731946729181205,6,0,0
4.395060627023743,9,4,1
4.223646362917543,8,1,1
5.340832444750975,1,1,0
5.3211479620997295,7,2,0
5.006092040306829,6,4,1
5.8738763394927,3,5,0
7.381292549572683,1,5,1
6.899108270882648,7,5,1
2.030204063100193,10,4,1
0.0,4,2,0
6.868639822478547,5,2,0
2.266242603169158,10,0,0
4.550469196214633,6,4,1
2.659773947881281,9,4,1
1.3960391248399606,0,2,0
6.082925456409576,7,3,0
6.518310320605294,3,3,0
3.846979198546561,8,0,0
0.0,0,3,0
3.9075111034950343,10,3,0
5.783608010805093,1,3,0
2.0421768624517425,5,1,0
5.3667198395583116,10,0,0
4.969380301654009,9,2,0
6.158582999202177,10,3,1
5.239160736828307,0,5,1
3.0538621182368892,3,1,0
7.393143003328983,7,3,1
4.68294085394606,9,1,1
4.945390920980136,4,0,0
3.133464081853608,8,5,1
4.11343549761698,10,5,1
3.2303945719461984,10,5,1
4.654107880153154,5,3,1
8.423416960284687,0,1,1
2.2561977141372873,5,5,0
1.7728772042465177,5,4,0
7.942340654987217,5,4,1
4.581352645696268,7,1,1
3.6618545226801666,5,3,0
7.079809374792153,4,3,1
3.788768920526272,10,0,0
8.652019427093872,1,0,0
6.355851742678539,3,5,1
4.024177183708595,9,2,0
9.314616426531007,4,0,1
3.788570153993323,9,3,0
6.484190744018614,3,2,0
5.598585160812984,1,0,0
7.603482578797596,6,1,0
8.123022393453706,9,4,1
5.064008298131533,9,0,0
3.4931642593076333,1,0,0
5.919944285878233,0,1,0
3.6445692604957878,4,3,0
9.026774495053246,11,5,1
5.273070662165475,0,1,1
4.269356897375783,0,5,0
5.3693606117298165,0,0,0
2.305747420940607,5,3,0
3.056771922978697,8,2,0
7.400827815888851,9,0,0
3.6862114420572087,10,1,1
2.906178034636121,11,2,1
6.073305505054572,0,4,0
7.371408309325994,4,2,1
6.437906621330134,8,1,1
6.992095371611633,8,2,1
3.4864098228610785,0,1,0
2.1563786665163125,7,0,0
8.002667303910973,0,3,1
4.354640322315729,7,4,1
4.498333967089906,0,3,0
7.656388283698115,11,3,1
6.11246001880132,4,3,1
5.911775544163215,7,1,1
9.330004689802168,5,1,0
3.712963539239714,8,4,1
6.855680256162474,0,1,0
5.114026249794169,8,5,1
5.537184557726514,0,1,0
8.056936852825064,9,1,1
6.015671512579248,9,1,1
6.076592158099266,2,0,0
7.145014674619604,0,4,1
4.270094540914229,2,5,0
3.3215806653219873,11,1,1
2.910381611957933,10,4,1
1.0672868212479965,1,2,0
9.112414259880644,1,0,0
2.7935832685566337,8,1,0
4.557492752828456,7,5,0
4.446373400222159,0,0,0
5.614813395618201,11,5,1
6.6314744250785935,3,0,0
6.720946976719491,0,2,1
3.8338451228621233,0,4,0
4.665756572427177,11,0,0
5.5651599009765995,11,3,1
4.502617747632906,3,2,0
8.214691152039986,1,3,1
5.981949903276503,2,2,0
6.4697555720996345,10,3,1
6.325762537334826,8,3,0
7.34694771497065,1,5,1
5.3620431174074135,3,0,0
2.406336104088307,0,0,0
5.799375903505283,1,2,1
3.697286212416342,4,4,0
3.9427666365004863,9,5,1
6.172728037510186,0,0,0
7.476566142867272,10,0,1
5.042543153472123,6,5,1
5.617666025197927,3,1,0
8.404429889270476,5,5,1
5.4815063589771365,7,0,0
10.0,5,4,0
6.1310192912630885,1,1,0
1.4784744816883646,0,3,0
6.506683242209065,7,5,1
5.7623167697655555,7,3,1
7.579505508165491,8,1,1
6.346362702539917,5,1,0
4.723088032032452,11,1,0
2.5514035274212685,0,2,0
4.58195348542795,8,5,1
3.2989590915813998,11,4,1
3.8389531003905546,2,4,0
6.177156808841219,10,3,1
8.339809008702812,5,3,1
5.7893430596459625,9,3,1
2.6082338759296313,9,5,1
5.889205336440281,10,0,1
7.393262973291302,11,3,1
3.780434191361236,8,1,0
4.7319656666541645,10,3,1
5.0293763894583945,2,1,0
3.43020337383552,4,2,0
6.2965608676877185,4,0,1
4.758103702784437,9,0,0
5.839064887814056,6,5,1
3.2250156443958,3,5,1
4.125083399353179,10,4,1
6.444762715655543,3,2,1
4.254333695816466,6,5,1
8.45392770246681,8,1,1
4.200727628770795,10,2,1
5.449369451503772,3,0,0
6.8651816637461796,3,1,1
2.1632685341339366,5,2,0
1.4783823760384482,5,0,0
1.9486873708598105,6,5,0
7.525168206854364,0,1,1
3.8962837082151065,10,1,1
10.0,2,0,0
3.871504802685223,8,1,0
5.369102606394074,5,5,0
8.08421990513575,5,5,1
9.012185776318246,4,5,1
9.123007153272795,10,0,1
7.416732461186285,2,3,1
7.048125051622925,10,3,0
6.185053898402366,4,1,0
6.5567221523332755,0,5,1
3.897628567342933,2,1,0
3.363602233155386,3,0,0
4.993251085178096,4,1,0
4.659630754950143,9,4,1
4.093543901345449,8,3,1
6.392774894913431,3,1,1
6.910610417141021,2,1,0
5.176813772583695,9,2,0
7.955060162110524,0,1,0
2.71662177173299,9,4,1
4.612681081440564,5,3,0
3.5663553587943904,6,2,0
1.26692676585388,9,0,1
4.834638628314601,7,0,1
4.756504983233433,11,3,1
8.026899486484261,0,0,0
6.2616233691095555,11,4,1
2.95162635134159,3,1,0
8.708185132668376,10,3,0
7.442067391050706,4,2,1
6.164195406937232,1,1,1
4.547031802300336,0,0,0
3.0811215265530407,7,0,0
4.255586447857894,5,2,0
7.177497239408372,4,4,1
8.769172611869218,8,2,1
8.086487056544378,10,3,1
4.022301156427452,10,2,0
2.7607651334219776,1,0,0
5.281772493822408,9,4,1
1.4631212688742967,11,4,0
5.646335428369563,7,5,1
4.7047948274026625,10,2,0
4.067926996263515,9,3,1
1.810593865466409,8,0,0
6.027200213139433,0,1,0
3.9345983206761774,6,4,0
2.660166328579424,7,2,0
0.0,2,5,0
4.9449701898987275,3,3,1
8.544503193339487,2,3,1
8.32251842909574,6,0,1
4.0858074868274565,8,4,1
3.7955758792764387,2,0,0
5.937548512150047,5,5,0
3.0032291216234173,7,1,0
5.6035837996389315,5,1,0
6.53216055676938,1,1,0
7.453866447768615,6,3,1
4.799691847040094,1,4,1
4.592652499646068,1,0,0
3.244034826486878,1,0,0
3.3462392919202797,10,5,1
4.547042216196947,0,1,0
5.734731013632356,10,4,1
6.827169252466499,0,4,0
3.3936420986393103,6,5,1
7.985377137919043,11,2,1
4.457752797914862,4,4,1
4.957265411303128,10,4,1
3.5055766417043532,2,0,0
0.1515194794541168,0,5,0
6.7680907927220995,10,4,1
6.473687794184867,9,4,1
4.437344885763573,5,0,0
5.133981434449744,10,4,1
6.031878435408199,0,0,0
1.8749082862269146,8,2,1
3.9418946453074106,1,3,0
6.588529359243655,0,0,0
2.491421153661501,11,0,0
5.587115864333258,6,4,1
2.28683639075319,5,0,0
5.932859964867053,5,5,1
4.9287170354050325,4,1,0
1.769736368188981,10,1,0
7.329478708914342,3,2,1
3.5308168464039014,10,0,0
3.3794951259712382,3,5,0
5.401138394461886,2,4,1
7.29727469885743,9,4,0
2.968356362043206,7,3,1
5.123359699695944,6,2,1
5.857633000661146,8,5,1
6.386211214526288,0,5,1
5.35288311055445,6,4,1
4.265944321833356,9,3,1
3.344819558702561,3,4,0
5.172287766092749,6,3,1
2.855721976028786,11,1,1
0.0,0,5,0
5.873119608315336,4,1,0
6.807869682172391,2,4,0
0.2741351289163232,4,2,0
2.980538590580125,3,0,0
6.238308522010396,1,2,0
9.114990939423397,10,2,1
5.041587415350816,3,0,0
3.543994117541731,2,5,1
4.63420711779032,0,1,0
7.74975283829637,11,1,0
3.708071641750929,9,5,1
3.401615986699493,7,0,0
4.034512955635935,4,3,1
3.0933427834825755,3,2,0
5.245340631989591,9,4,1
8.24935691693912,11,1,1
5.6461585462320585,4,5,1
4.495292995747425,3,4,1
4.416377462168912,2,0,0
1.873618382606686,4,4,0
6.766219554294318,3,4,0
4.8443256059743955,0,2,0
4.639040172818749,11,0,1
10.0,2,4,1
5.597505816731372,9,1,1
3.4964178998096314,9,0,0
4.147284807588913,7,1,0
7.29689141839351,6,5,1
5.226540821075529,1,5,1
2.1234440433652666,0,3,0
6.838457869150407,2,5,0
3.663711828922012,4,4,0
8.74659555243509,9,0,1
7.160096131429297,10,5,1
4.1053562086824975,11,1,0
7.562032723470226,0,4,1
5.1357110210548065,2,5,1
6.705547350244439,2,2,0
5.96946563458895,4,1,0
3.3072866900182527,2,1,0
3.712900335365076,8,3,1
7.059921635162322,0,2,0
4.330449335786918,3,3,0
4.1927030735160065,9,5,1
3.089754841301294,9,2,0
5.847198131186922,3,1,0
9.12504983848629,0,3,0
2.8649341714914542,1,4,1
5.0484389133455165,10,2,1
7.8244411108308585,0,1,0
4.84071721750857,5,0,0
5.904743592499468,2,2,0
2.8752129437062406,6,2,0
5.856614194415297,4,5,1
4.625711469990902,8,4,0
6.971459991359726,6,5,1
7.374772103129502,3,2,1
10.0,4,2,1
6.1592663464271515,4,4,0
5.6515926331643325,10,4,1
5.388768603154672,4,3,1
4.293667414378623,9,1,0
5.6769676869233825,8,1,0
4.409197179721941,9,3,1
5.336921952539228,2,1,0
7.63519507121592,5,2,1
2.9869148694407177,7,3,0
7.279757122258091,10,3,1
7.634230134679731,8,1,0
4.763862946017842,6,0,0
0.7562902019828108,11,1,1
3.7843560258111353,2,5,1
7.593989093122218,0,0,0
4.954263875402236,3,3,0
3.0013955354101785,5,0,0
3.990450157543565,2,2,0
6.681240053009106,0,4,1
6.093467136402759,5,0,0
4.522135801660611,0,5,0
4.266351176370625,8,4,0
4.216483701912356,10,2,1
3.155179631002995,11,5,1
8.230751378938884,0,4,1
4.35535906157732,5,2,0
7.434317041650993,0,4,1
8.042632103844902,11,4,1
6.996621796295921,6,1,1
4.136759374563903,2,5,0
5.807460180673219,5,5,1
4.951608787218167,6,0,0
3.1925962785397437,0,5,0
5.6487185634432056,0,5,0
2.641920417680395,4,4,0
7.375358776923127,5,3,1
4.070765405403214,8,1,1
5.4023193117456785,0,0,0
5.566575743092284,3,1,0
4.482190052591846,9,0,1
6.17338760295055,7,2,1
4.050192686754951,9,4,1
6.742594594914488,8,5,1
2.308040639506503,2,5,1
5.2527591590928235,10,3,1
8.87785799811657,1,1,0
2.9993373507888506,3,1,0
3.644510058950297,1,1,0
6.02781569931783,0,5,1
5.359163563879196,11,1,1
5.701260198547119,2,4,1
5.978374260295327,6,0,1
6.269442937123539,0,5,0
7.219399683912446,1,4,0
5.819637313857025,0,2,1
4.517484690762915,7,4,1
6.345147402405463,4,4,1
8.799763869790432,7,2,1
4.7347325072348525,2,4,1
3.050941390658717,11,0,0
7.214161338573946,6,5,1
4.759237672092803,7,3,0
0.6546609079719277,5,2,0
6.694843354300843,6,5,1
3.9293436280921545,11,1,1
4.818933435391679,1,0,0
5.663960661138029,7,3,1
5.380999359558133,4,0,0
6.418903634278079,6,0,0
4.129027258860313,0,1,0
6.026211596352166,4,3,1
4.4809066448321655,0,0,0
6.477620961775006,11,1,0
6.230734968026107,7,2,0
3.1291225959108093,3,1,0
7.1719642323500645,3,4,1
3.928073109771904,1,5,0
6.61611559656229,4,1,0
5.734574626802681,0,1,0
8.676367353590244,8,1,0
4.553068035256295,4,0,0
4.301366407763605,5,3,1
4.961160788224535,1,1,0
4.3936404343314495,9,1,0
6.5998838038841,9,4,1
1.7673787831268242,0,4,0
2.892635161707292,3,2,0
2.864394156841614,6,2,0
6.900615183947151,5,4,1
8.42122674516385,9,3,1
4.791101562925057,0,2,0
4.662356553619979,0,5,0
5.140104326226362,7,5,1
7.323756605216381,3,3,1
3.145293731618852,4,4,0
5.47673796546957,6,2,0
6.95039525956486,7,1,1
6.002188339879691,9,4,1
5.379163233197486,6,2,0
7.002092185134282,1,3,1
0.0,3,5,0
6.3557506390618155,9,3,1
3.6918486337451526,11,2,1
1.3387342062870862,0,3,0
6.022405199049961,9,2,0
7.747317090325915,8,2,1
4.725102970744616,2,3,0
6.905749094405878,11,0,1
8.22455651597729,2,1,0
7.629828907168095,9,4,1
8.279929058742786,8,5,1
6.484254982143785,9,1,1
5.150867277803186,2,4,0
1.796068376205663,7,4,0
4.507875023740103,1,5,1
3.3135068093676168,2,1,0
9.341885434995628,1,5,1
4.648228375135327,0,2,0
5.2464096135689715,1,5,1
6.102970752080935,7,3,0
5.087204892744907,8,0,0
8.390102080861507,1,0,0
3.754701276531096,6,0,0
5.389214910474485,4,1,0
3.5150588286039035,2,1,0
2.3599549775585884,8,2,0
3.7764618181894294,5,0,0
4.9259264059031755,10,2,0
4.1413955509654805,0,0,0
3.615158040252288,4,1,0
2.1873650726563323,6,3,0
4.83378885474261,3,3,1
1.9905592519379955,7,3,0
6.520111927379205,9,5,1
5.164879505869006,4,3,0
2.084897001070139,8,4,0
4.381581845900273,8,0,0
3.4956871888188337,8,3,1
5.638349020838361,0,4,1
7.680900892046289,1,4,1
1.2496550607085108,2,4,0
5.230052158294835,3,2,0
4.679734408866719,9,2,1
6.342680152900932,8,4,1
5.426393256475379,9,5,1
3.496061336522362,5,3,1
4.361892128666764,0,0,0
3.407948286393022,11,5,1
7.152014277197196,8,1,1
5.0426232973438845,5,2,1
8.802381371506016,3,3,1
4.878678372370758,3,3,0
3.5831864661790744,2,1,0
1.9725712147743457,6,1,0
1.3937206474881099,2,3,0
1.8317281139890205,1,1,0
5.534253302022967,9,3,1
6.017450046459867,7,5,1
1.8376185959357332,3,1,0
6.790076628152231,7,5,1
4.033877896633121,0,5,1
5.293586023971098,4,1,1
8.224441256510849,8,3,1
6.793678631731064,0,4,1
4.4629387041883355,10,3,1
3.217615549169425,3,0,0
0.6963691973413901,5,1,0
3.56169336151516,9,2,0
4.577739522344611,7,1,0
3.0256409456976323,2,0,0
4.737486065815391,4,5,1
5.153703765917537,6,2,0
4.550288036383843,0,2,0
3.6999948383530805,6,3,0
5.337309343933455,11,4,1
5.883881299138818,10,3,1
2.819201845114308,7,2,0
7.82186475949254,7,2,0
4.802823735431477,8,4,1
5.037699245889695,5,1,0
6.4164288465131145,11,4,1
5.466432262527003,5,5,1
6.90627326782649,1,3,0
5.574248330403648,2,1,0
3.775125250719124,3,3,0
5.723007050412203,3,4,1
2.7125475853586765,7,1,0
5.217119411553046,0,4,0
4.933540018711079,9,5,1
4.583766285454921,3,0,0
4.742924977122138,10,2,0
1.2363019090047218,11,1,0
3.902550184518077,10,2,0
5.185689802282229,10,0,1
5.319712783994801,3,1,1
2.9446497181480837,0,2,0
7.531415681729401,2,2,0
3.2676503035709983,4,1,0
6.938914401053474,5,2,0
5.854388723743369,8,2,1
3.7075453803123937,8,1,0
8.550621785219024,8,2,1
2.61272633648704,10,2,0
6.8383083472200035,0,3,0
7.0011646360859565,11,5,1
3.6587595818467102,8,3,1
7.784930600128657,7,0,0
4.499906970802094,1,3,1
5.577387258559714,10,3,1
5.5206436775424415,0,0,0
4.731382517058904,0,2,0
6.621616546319564,11,2,1
6.586977441104426,5,3,1
1.5029360535236385,8,0,0
7.608680485756305,6,2,1
1.6750160239286513,4,4,0
7.065092408683315,10,1,1
7.253410273655167,1,1,1
2.8180671395696035,0,5,0
4.17837142409083,1,1,0
2.7885906630281285,0,3,0
4.570157939422529,2,1,0
4.383931431628517,5,1,0
6.55932106453868,7,4,1
7.620617492239217,2,2,1
7.791367621579912,9,4,1
3.875663946843396,8,3,1
4.581556252510945,9,1,1
1.6331236155580995,4,2,0
3.3882598670076227,6,5,0
6.929703266194915,7,5,1
8.231165647096464,2,1,0
2.531302256240156,1,1,0
3.8150714816942113,1,5,1
4.947188486082146,4,5,0
5.560322317639214,0,3,0
3.3807929601567075,1,1,0
5.8481220889281795,8,5,1
4.052321305858168,6,0,0
4.9710954582434415,5,5,1
6.092568496007399,8,2,1
5.0128445396218755,6,2,1
4.127228218946863,10,0,1
4.780780392148339,4,3,0
4.82327408158933,8,1,0
4.2599779402357445,5,1,0
4.482407874665795,5,5,1
8.197294341009433,10,2,1
6.121838895882478,3,3,0
4.409039363941679,11,3,1
6.393908809021472,0,3,1
4.33236102048798,4,5,0
7.346249275173283,10,1,1
5.739284384396187,8,3,1
4.7853957119915425,7,5,0
5.895433851620555,7,5,1
1.8582476958630014,4,0,0
2.7464650621803894,11,4,1
2.612149987201889,8,3,1
5.285886189527414,2,4,0
8.465029998970184,2,1,1
9.462600292385265,0,5,1
6.276102202881514,8,3,0
6.001688949888914,5,2,1
1.397884531694522,1,1,0
3.9146524005319563,7,0,0
3.424432496183522,11,0,1
3.7583048034977677,8,4,1
4.663712362830421,8,5,1
4.055818844605746,1,4,0
1.0414003792484245,1,2,0
6.495820512235068,6,2,1
2.854513948520387,10,0,0
5.478493728222299,3,3,1
9.148165339499947,0,0,0
3.1612308168271532,7,0,0
0.0,1,2,0
4.427991556239778,2,4,0
7.201919269997142,4,2,1
8.916694908441187,2,5,1
2.5409008110951663,6,2,0
5.993398446473043,6,2,1
4.069379086439893,1,0,0
4.788103291391729,6,3,1
10.0,10,0,0
1.9940593432096936,5,1,0
5.5074793229891466,9,2,0
5.935386343530866,8,2,0
7.171572649878694,8,1,1
5.1959663069417905,1,2,0
5.616101079008205,6,2,1
4.216702865156417,4,5,1
5.538253882490214,5,2,0
4.313615449005179,0,1,0
6.243143779712102,6,0,0
4.260779327912732,5,2,1
5.754200787804373,3,3,0
4.941474372630044,0,1,0
7.252100501544336,8,4,1
4.897212552823028,3,5,1
1.4539350635862371,1,1,0
7.523843001427983,7,0,0
3.1885353982747624,1,1,0
3.6924673227023606,4,4,1
3.808677411913016,10,5,1
7.748876186341635,5,3,0
0.728651572042609,10,4,0
10.0,7,1,1
7.112113618132104,10,4,1
5.4464778282583195,0,1,0
4.890211998767427,0,3,1
5.571108149715314,11,3,1
6.042244856758677,3,0,0
6.290431171900114,4,3,1
6.111208932006897,8,2,1
5.179161362510498,10,4,1
4.605323159385348,6,4,0
4.697453432692977,6,1,0
4.610183439294638,7,3,1
7.2675401937341295,4,0,0
6.1871134445617235,4,0,0
0.0,0,0,0
6.311801553059522,8,5,1
5.389472389437549,5,2,1
4.962582487108206,8,3,1
4.222963093822228,2,0,0
7.2482254399720265,4,2,1
6.895052924245716,1,4,0
3.4542446643527818,9,1,0
5.81410457424907,4,3,0
3.0566865309174283,7,3,0
2.240763670422139,10,5,1
3.74656555082007,1,4,0
6.724786944765517,7,3,1
6.906250090752174,3,5,1
6.026170840194586,9,5,1
6.450191573695994,9,5,1
6.032356574229917,0,3,0
3.7170368095540955,4,3,0
5.8638450893478815,0,3,0
6.600819050455365,6,2,1
6.508582659627148,7,5,1
7.377826742949286,2,2,1
6.416607694402128,2,1,0
5.702896415083166,6,3,1
7.140300476632855,3,4,1
4.9469574815018795,2,0,0
3.2362506975445644,7,1,0
4.673866072112472,2,0,0
3.510194710387102,6,0,0
3.649643450051237,1,3,0
4.710962658568964,10,4,1
3.415160158000077,10,0,0
4.384076940721919,0,5,0
1.2127706660924287,11,0,0
5.426587414745877,5,1,0
5.002410950724449,7,4,1
3.3658227378636187,0,4,0
6.31849133686481,9,0,1
6.875140275253116,11,4,1
1.7848802712620517,8,1,0
3.4745504428675718,2,1,0
3.4617153004254035,2,1,0
3.120193797782271,3,5,1
6.658949683863497,10,3,1
4.612347722454393,0,0,0
4.470970317378779,8,4,1
0.9922752711864931,10,1,0
6.2708360604184525,2,0,0
2.521483210293055,9,0,0
5.119865260532657,3,3,1
5.554753875916384,0,5,1
7.7213171916773025,3,4,1
2.382359201761776,0,5,0
0.0,4,4,0
5.36769908950739,4,1,0
8.601022363021707,10,1,1
7.477892705878874,6,0,1
5.419318830549251,7,4,1
4.0167276287359055,3,4,0
6.614245193274621,6,5,1
3.0529076005910625,3,1,0
5.952715538712439,2,2,1
6.010940318333254,5,0,0
7.12041981499776,3,4,0
10.0,2,3,1
5.784831934357534,8,3,1
3.9820727485850025,4,2,1
4.9488513756160115,6,1,0
1.4618481902217635,11,1,1
3.6105737378218836,5,1,0
4.181435123773792,9,5,1
3.951823204130815,4,3,0
5.304709744067444,6,1,0
3.355160135235599,10,3,1
7.242061334648943,5,2,1
5.000414129836394,9,0,0
4.981399357722771,1,5,1
4.344210566974164,2,4,1
5.310381367717958,1,2,0
6.650196529335269,11,3,1
3.2657395685781996,2,2,0
3.6837670218494867,0,4,0
4.3925479424466705,7,5,0
2.30825815305357,5,0,0
3.361484280557004,1,4,0
4.047558252910682,7,5,1
6.748778361425455,5,3,1
5.52512265800385,6,4,1
5.387179822735089,10,2,1
6.701795924335944,0,1,0
4.725256423201206,6,2,1
5.780929699857779,2,3,1
4.793556494135007,10,0,1
5.530724698799257,11,4,1
3.8344826847768356,7,0,0
0.12236568344714183,5,3,0
4.731441675627392,3,4,0
7.84549627219988,10,5,1
6.852430804483185,7,5,1
6.930794969182341,8,2,0
7.472261443612435,9,2,1
5.177315181922875,1,3,0
5.394631414811191,5,5,0
3.7646962091312997,4,4,1
4.3678542879459,4,5,1
6.231542299542284,9,2,1
7.407768874337632,10,3,1
4.721107448638001,2,5,1
4.099621470297177,11,3,1
5.001055917713194,7,5,1
6.202413497858229,7,0,0
2.1122903677329163,11,5,1
0.40763809372552373,4,2,0
3.898926301016833,7,4,1
2.5585751481716827,9,2,0
3.983719604705378,7,2,0
4.704439362365057,2,2,0
4.093503181953973,1,3,0
7.904935068941491,8,1,1
5.65348952920464,1,1,0
5.600948719221657,8,0,1
6.244414288086804,3,2,0
2.7223337644384618,11,1,0
7.078223574840537,1,0,0
4.8484714269290805,9,3,1
6.340961234482425,0,2,1
2.856285533919689,3,4,1
1.8924824679678713,8,3,0
6.6357793160500576,11,0,1
5.752819052195033,8,3,1
3.1958968912849794,3,4,0
3.2606738374506112,8,3,1
7.250869568829539,11,0,1
2.6211762142653443,5,4,1
8.285345906511926,0,4,1
3.1987585307042625,9,3,1
6.276783851216766,5,4,1
4.3427630485020305,8,3,1
6.206374862164687,1,2,0
3.911771995771615,5,4,1
4.674414187855412,1,3,0
5.081838350791442,3,2,1
2.9956250884370546,7,4,1
6.4816486908402515,6,2,1
3.9735728670568298,10,5,1
4.542800169319963,11,4,1
3.0113012507829753,8,5,1
0.0,6,0,0
4.617944474799662,0,0,0
9.825230843225832,1,3,1
6.569208575796048,5,1,0
4.961479240531211,6,5,1
4.474218341583464,2,5,1
5.044931785624093,8,0,0
6.09423823035042,6,5,1
2.6383743693823103,5,1,0
7.228643389337744,5,2,1
6.430762630882488,0,2,0
6.436371451415869,4,1,1
5.876951477619454,9,5,1
5.03923331538798,2,5,1
6.34572247193364,6,5,1
6.1836282674827565,9,3,1
4.2919185781179525,2,4,1
3.852796454206198,4,1,0
5.203712590523973,6,1,0
8.098040302990375,2,1,0
2.5217858486921982,9,1,1
2.06494946849512,1,1,0
5.329521682473033,5,5,1
5.101775403712036,7,3,1
5.346683328740816,3,0,0
5.487906395817,8,5,0
4.55359549073039,11,5,0
7.979726877204165,11,4,1
1.798192043046969,7,0,0
3.343005950439508,6,1,0
4.793490479701905,6,0,0
1.7136223776916655,2,3,0
4.648291191135858,5,2,1
8.322940331456037,4,5,1
5.041772976591924,0,0,0
5.461401811437367,10,4,1
2.4796704696548395,2,3,1
3.767277183921045,11,2,1
4.249607239352126,0,3,0
4.364569806487532,3,1,0
7.563287590007537,9,2,1
6.115382121450249,2,4,1
2.777084086125936,10,2,0
5.49300955686401,3,4,1
5.99644349699357,8,1,0
7.2802980770425325,2,4,1
8.161081373136748,11,3,1
2.9698116163442627,5,0,1
3.3782849775793236,5,3,0
2.4848442821707675,6,5,1
4.531960281786037,8,3,0
5.932716748892669,11,2,1
6.974669033178204,6,1,1
4.848097952714954,0,5,0
4.360304953490312,7,5,1
5.303515984497481,4,5,1
3.329714196739954,8,0,0
9.179077443389547,9,4,1
1.7846779457638826,11,2,1
5.369481157791449,4,1,1
9.04721243845928,4,0,1
5.013599689119996,11,3,1
4.619921929997011,11,1,0
4.285109154379145,1,5,1
4.639216636475185,11,1,0
7.745696949353061,10,1,0
0.5762761773409864,2,3,0
8.066867402592651,9,4,1
2.15208569509971,8,2,0
4.46669534153117,6,5,1
4.141511159402676,0,4,0
6.177106539541439,2,0,0
1.8037512962325049,11,5,1
5.9243453321638855,1,2,0
9.048619246573704,0,0,0
2.273651990814379,8,3,1
5.379412335220791,7,4,1
3.676035644406782,4,5,0
5.851774412386072,10,1,1
5.038295554831504,11,2,1
3.717026181911381,1,5,0
5.975744569742148,0,1,0
8.608696219573487,6,5,1
4.618192416545402,10,0,1
6.439515884296364,10,1,0
2.4134540842576726,1,1,0
3.0871272463639823,0,5,1
5.9448125557607545,1,3,0
7.96823205707193,6,3,1
5.71122669757132,6,4,1
4.373883938953691,9,0,0
4.998582810846708,5,3,0
2.499184532060565,4,5,1
6.209030652710734,2,3,1
6.764666124646818,11,4,1
4.095819334333839,2,2,0
4.059915704480997,10,4,1
5.531756459304097,11,1,0
4.126560527918809,8,1,0
4.867734770748355,3,3,1
9.199443578333032,8,3,1
4.505948598508007,3,4,0
4.283319695957555,1,4,0
3.7049163887296817,3,5,1
6.4883839429998735,5,0,1
4.637551653563794,5,5,1
3.701253923357148,4,1,0
7.642608064546025,0,5,1
7.839206009027274,2,4,1
3.7991528685225897,4,5,1
1.2669200972787675,5,2,0
7.015027379673844,0,0,1
3.630740348479992,8,4,0
6.581251198325537,2,3,0
1.059792364576329,9,5,0
6.785194676598619,2,4,0
2.5776561414384376,10,3,1
6.461528238133049,1,3,0
5.028546135672868,7,1,0
3.0921211612067103,2,1,0
4.185927374146439,5,4,1
6.372636913913402,1,4,1
5.211788906230469,6,2,1
6.168825960944968,3,0,0
8.95288116903097,8,0,0
1.8715167765778973,9,4,0
8.234425149937248,8,1,1
5.208711875046426,6,5,0
3.2024319033537436,11,2,1
2.3393727485220204,7,0,0
4.621759218445933,2,4,1
6.843300223848919,10,1,1
4.744901759244931,4,1,1
8.022309860494694,1,1,0
2.0976486198968822,9,5,1
4.975822104307891,6,3,0
2.495213111173762,7,5,1
5.727263765249936,8,1,1
6.773774780194601,10,4,1
4.158476412637894,10,2,0
0.0,6,5,0
5.397896293592989,9,4,1
5.873477103467019,9,1,1
5.8085895099233955,7,2,1
7.471564383644308,11,0,1
2.8578926407019023,8,0,0
6.360432210900899,5,4,1
7.385015024955949,11,2,1
1.4428248319869663,11,4,0
5.639303651837954,9,2,0
3.991640337984657,1,2,0
4.836954653796708,1,4,0
5.695352967076673,3,2,0
4.025542871772895,8,5,1
3.6485838416767766,6,1,0
5.0683048349760496,1,2,0
2.8255081222743947,7,5,1
2.828349742229629,10,2,1
6.358746565913007,6,5,1
2.702411929682688,8,4,0
6.332625001818424,7,0,0
5.925182585707902,2,3,1
1.5483865424188066,0,2,0
3.64487069532869,1,3,0
7.388218806094745,1,2,1
3.0376689377206367,3,4,0
4.071191475381225,5,4,1
5.924121786503793,3,5,1
6.566781018565191,8,2,0
4.496922227911009,3,4,0
3.8049796106167166,5,4,0
7.844739723397016,5,2,1
8.477799327595157,9,5,1
6.957716101563591,10,5,1
5.1706362851300485,9,5,1
3.3834685567181473,0,5,0
3.3391111868868695,7,0,0
6.045028210531515,11,2,1
5.836796441777367,2,0,0
7.803197185892859,5,4,1
6.300900185072278,2,0,0
1.993839396480364,10,5,1
7.103895235445837,1,4,0
3.003878745371174,4,0,0
4.232057456095297,0,0,0
5.500400412503389,8,2,1
8.99133497956793,10,0,1
10.0,6,4,1
6.2134461182723655,2,5,0
4.633606762559224,3,2,0
6.069011296961101,5,0,0
6.775310851747673,2,2,0
4.358664748885617,11,3,1
8.590422711824644,6,2,0
5.460141518382804,5,5,1
5.995486178182788,8,3,0
6.3318485041089225,11,3,1
5.843173221228911,4,2,1
6.677881000939225,3,4,0
3.765493626906154,2,5,0
3.8833964921079387,9,4,1
2.79969153405661,0,5,1
5.879002461240453,2,5,1
6.557873007024228,2,4,0
5.915545732303771,6,1,0
8.348984866695075,6,3,1
4.988807962341907,11,2,0
6.337483311185025,0,4,0
2.8165982477213714,2,4,1
4.225800595051198,7,2,0
6.391075515131555,8,3,1
6.698204221486288,6,2,1
4.412066104671635,6,5,1
4.856801496283866,11,1,1
1.9642525066383811,10,5,1
4.285941598386781,7,1,0
6.780766327039572,5,2,0
6.1504100322131325,10,5,1
6.001331442762419,2,3,1
5.09954737436192,0,5,0
5.014126317256353,6,4,1
3.6793577210531057,0,1,0
6.3976568404050695,0,1,0
5.841945888778779,8,3,1
5.984037695985599,9,1,1
3.9479303146648395,6,1,0
0.6933141602575112,10,3,0
7.194305423507391,3,5,1
4.042325087983191,5,2,1
3.2744484719137588,0,5,0
6.386957823827988,6,4,1
4.215974720161741,11,4,1
7.119872768093243,5,1,1
6.234011899153395,3,4,1
6.367138646400955,6,2,0
2.2680885775989315,2,1,1
7.423887970772801,0,4,1
5.522501062467712,3,0,0
4.261445721507593,2,0,0
5.286776934684502,0,0,0
1.44752953420336,1,0,0
5.817305622961341,10,5,1
2.941256983635857,4,0,0
2.294659428312931,7,1,0
1.9552816275642178,0,3,0
7.2253767499798505,3,5,1
3.7414732126144226,3,3,0
8.067455419833,4,1,1
3.9283970738954044,6,1,0
1.5852840848141065,11,2,0
2.7669511201026817,7,5,1
7.471623240013877,5,3,1
4.688203644126665,0,0,0
3.903425407018798,6,1,0
5.320036451705575,2,0,0
6.00356547233509,5,3,1
7.234797631804922,7,5,0
7.896998459785852,6,4,1
4.280462708421829,9,4,1
2.3479046278359235,5,1,0
4.173069677753448,8,2,1
5.520561013165772,8,0,0
3.0724821475787785,0,1,0
3.0856981702099144,0,2,0
5.687575763099771,0,0,0
4.902695296859098,7,3,0
5.065593990823173,11,4,1
3.4830093305998613,11,2,1
4.539198571588465,9,0,1
3.151533711463391,6,1,0
6.780396822249574,2,0,1
7.070498669447505,1,1,0
1.3076242755238123,3,4,0
3.14097827961518,2,4,1
2.006941489819842,6,0,0
3.699952131186204,9,0,0
4.833124060419278,7,1,0
2.10070956060294,5,1,0
3.1562803737493734,2,2,0
2.992085255837003,5,2,0
5.414534658797888,1,2,0
5.138688674072501,11,0,1
3.556524893325493,6,5,0
5.353641744278796,10,5,1
3.906639830825469,9,5,1
4.456689779347894,6,5,1
8.346904180597074,3,2,1
7.680922103580696,7,0,1
2.4008375261448047,3,5,1
6.6594648357583495,6,4,1
6.622793108983184,3,3,0
2.7034734224947634,11,4,1
6.637555287509722,4,0,0
8.075863836825105,6,0,1
2.7549103875111722,9,3,1
3.164994357971473,2,1,0
7.035322933687005,9,1,1
5.542990621651296,4,1,0
6.1029525504790465,10,2,1
5.681178432800993,2,1,0
5.781391841856288,4,2,0
2.347055743377834,2,2,0
7.094635413242896,10,1,1
7.339179984855547,9,1,0
4.541218511863945,10,3,0
4.913046100372275,6,5,1
1.9377849948885557,0,3,0
6.0285095120356695,8,2,0
6.144114883428288,8,3,1
4.875617966001378,4,2,1
7.248706719741005,8,0,0
4.331845538040119,9,2,1
6.1292118517872005,5,2,0
2.960671322615769,4,3,0
4.952895698251524,2,5,1
4.651291484194329,10,0,1
5.4506158440818835,10,4,1
4.260946142333283,7,4,1
4.737054808656664,3,5,1
6.652094342883013,9,4,1
4.126471525523565,2,0,0
1.7868457985226414,5,1,0
8.499167808410842,7,0,1
7.7629081573809735,8,3,1
2.4154746097887627,5,2,0
6.379415610490389,4,2,1
3.9940504588973136,11,3,1
5.526974430662119,10,3,1
5.588448258026988,1,2,0
4.531184399367356,1,5,1
3.432468668827207,8,1,1
3.618917895367481,1,1,0
3.1676161690375153,1,1,0
3.3363555835391105,2,3,0
4.865643419901289,2,2,0
3.5684800217784964,3,5,0
6.36410413142524,6,2,0
7.974492310671854,8,2,1
3.839893517259914,1,5,0
5.478809001070754,3,0,0
5.999370220605868,8,5,1
5.944004541838549,1,0,0
5.151910535832175,9,4,1
6.4853648367194445,10,0,0
5.9644979053613145,0,1,0
2.5246751553454043,9,1,0
6.738312128778547,7,5,1
6.774581674533485,8,1,0
3.4734277916428367,6,1,0
5.075875670895204,7,4,1
6.366657985622139,3,1,0
4.581372360841277,3,3,0
7.145956095532023,1,3,0
9.727744989238722,7,3,1
3.4280279347300353,10,0,0
2.2379107936924503,1,5,0
5.607637191209752,8,5,1
6.443125010252287,3,2,0
4.538267252310462,0,4,0
7.906521326642069,3,3,0
2.3227884005535024,2,3,1
6.385837246063222,11,1,0
3.7882783584822133,5,3,1
8.438755812414593,6,1,0
8.985030706336236,7,1,1
3.466686824433304,1,2,0
3.90088572818284,5,0,0
6.719175773959604,5,1,0
4.225738700420971,9,1,0
4.909177564135524,11,5,1
5.05077684108482,4,2,0
1.1606536876046873,9,1,0
4.972324507811526,9,4,1
3.6205444518716523,6,0,0
4.013754355200456,2,4,1
7.887264006937628,3,3,1
2.4869862114414873,9,0,0
6.626410373495954,8,3,1
4.442074139336383,3,5,1
4.440479663008331,2,1,0
6.580743792103423,1,2,0
5.680102589137781,4,4,1
6.141225994439062,3,3,0
6.9363693210657225,7,1,0
4.337383233633354,6,4,0
3.775526530984499,5,4,1
2.829698946884404,10,5,1
3.3491789400420897,11,5,1
10.0,1,3,1
7.4893591614735735,2,1,0
2.2978512675839573,9,2,0
2.3550840865128597,8,3,0
5.963732123436983,8,4,1
6.094529594755934,4,4,1
6.097767670634729,2,0,0
4.490088412892605,1,1,0
4.7490914799942,7,0,0
5.655759048318715,5,5,1
5.171786012586661,9,2,1
0.5613992545049298,10,3,0
4.540400738849613,11,4,1
3.297187131479373,6,1,0
5.350422837817024,0,4,1
10.0,0,5,1
5.7349633309486086,9,0,0
4.372940627655204,1,0,0
6.843603003954504,9,3,1
5.965375774418425,2,1,0
5.840188980903682,11,5,1
6.213701186431342,0,1,0
9.113087129659082,4,3,1
2.7382231293481687,2,5,1
5.947264153622909,0,5,0
3.147237740036923,7,0,0
6.111025292684497,11,0,1
3.162626977027811,10,0,0
4.165266372789831,5,4,1
4.409820171524188,8,2,1
6.951633438689418,2,0,0
6.836908887884828,8,2,1
2.508565247107231,8,2,0
5.109868221999697,11,1,0
3.580840290501655,11,3,0
2.482990178649331,0,4,0
4.5659658991512595,2,2,0
4.38303442308836,5,4,0
9.853432972691046,7,1,1
5.865919650721392,3,0,0
2.2447649984915254,4,5,0
3.8704519916581157,8,2,0
7.042766590858797,5,3,1
9.17688554573985,11,5,1
1.8280333755240834,6,1,0
1.24015122972191,6,4,0
8.741930350743564,3,0,0
5.779228354741807,3,4,1
3.263414536247267,3,3,1
6.06925817224487,10,2,1
0.0,4,3,0
5.006751013194322,4,4,1
5.655642345686171,7,4,1
6.848540279075659,8,5,1
2.9722080954149246,1,3,0
5.171374322806718,10,3,1
3.1491507478808254,6,3,0
5.510767511348634,0,0,0
3.2093073552739515,0,4,1
4.183798321679559,3,1,0
3.008369210419542,9,0,0
6.3022724836473145,6,0,1
6.716902233313331,1,0,0
4.5307588600851725,10,5,1
5.076475989920056,1,1,0
2.1028171707329117,0,3,0
4.400646703986426,9,5,1
4.8995907659165105,1,4,0
10.0,6,2,1
2.7760659484516728,8,5,1
7.928354477504875,5,2,0
6.993717546931616,9,4,1
5.561272808980273,1,1,0
8.517240968390267,11,2,0
5.744210945213726,9,0,0
5.778318391335858,9,5,1
4.89375869396491,8,2,1
7.4471377648372545,6,4,1
7.192938467621767,10,0,1
3.748645425007575,0,2,0
2.3615056108024652,11,4,1
4.594038725208685,8,1,1
3.399922871204707,1,4,0
4.87295085076929,3,1,0
7.474876269368279,8,0,0
4.08539668982642,3,4,0
4.91435323737685,2,3,0
5.1160454696167905,0,5,0
6.696861764410569,6,3,1
0.5062213320307896,5,3,0
3.7865994104694067,9,3,0
5.4225673845589455,3,5,0
7.4001579128537225,5,3,1
4.01619510498759,5,1,0
1.2468945879162519,3,4,1
6.239422891932272,5,0,0
3.7292752223487415,9,3,0
2.6206666818192774,10,3,1
3.751309220573552,7,0,0
4.630949284688301,2,0,0
3.7905106709235747,3,3,1
0.5888678858018617,9,1,0
6.794132393774264,11,0,0
7.549750082557445,0,4,1
6.303043982679012,3,4,1
2.724628659150367,10,1,1
4.597016932104964,9,5,1
4.986957369541084,9,2,0
6.19758877912382,11,1,1
6.336680977436162,8,3,1
3.5316524024430085,7,2,0
5.163991112827121,10,3,1
5.914560809230482,3,4,0
7.911644644293533,11,0,1
6.409013079649446,6,3,1
6.578113374751037,9,4,1
5.167653255858722,2,1,0
7.820918290407008,8,3,1
5.819525591918994,9,4,1
3.277824179652859,3,0,0
7.806739940250381,1,3,1
6.395806545078055,9,5,1
4.113911957743035,4,4,1
4.041014065201513,1,3,0
5.593151090281523,9,0,0
5.926369590535169,5,3,1
5.394584531262413,10,3,1
5.62261734688577,9,5,1
8.39991474915276,0,4,1
7.143086304469771,5,2,0
5.381271182530049,3,3,0
6.882621161534967,2,2,1
2.934952192944921,1,1,0
5.795854099893618,6,3,0
8.61861269946622,8,2,1
4.563908209215253,11,1,0
3.3047321427618304,2,5,0
3.6958222228138786,5,4,1
2.8207339253152233,8,3,1
3.4304761837445934,1,4,0
4.258983802819942,6,1,1
2.188865961642716,4,4,0
5.031236667899206,4,4,1
6.804554347573294,10,0,0
3.184487639706159,6,1,0
8.038567847283538,8,4,1
6.021584177055189,3,2,1
7.061161171248115,8,1,0
3.684330892295726,10,0,1
6.709050454133232,9,3,1
2.816132199209374,8,5,1
6.780495001673017,3,4,1
5.343678679587063,2,2,0
6.106502439969567,1,0,0
2.6488107887502967,8,1,0
3.2098603154467904,11,5,1
6.194456436506769,1,5,1
3.1033039915515985,5,4,1
5.926412584198246,4,0,1
2.2657243870795085,4,0,0
6.696348425333336,3,2,0
2.534953370462982,5,3,1
6.104599875359046,4,3,0
6.251261867292001,10,3,1
3.6064563631408504,3,5,1
6.164053134169453,8,5,1
5.520884526667112,5,1,0
3.9223162876145237,10,5,1
2.982890631847584,9,5,1
1.074748616654842,9,0,0
5.699300094599387,9,1,0
1.8703944572758897,2,0,0
5.1906883988826165,9,2,1
4.473103567835501,5,2,0
6.358285550876391,0,1,0
4.3959090010202715,4,1,0
4.341104427305817,9,5,1
6.463741408576591,5,2,1
5.670116058168235,10,4,1
5.632311914365556,7,3,1
5.938535179617053,10,5,1
1.9288557535857884,8,3,0
6.513577359973964,10,2,1
6.224937588027204,2,3,1
2.9666337428470055,1,4,0
4.511839052651597,3,4,0
4.921385424744738,7,0,0
4.731006431196534,10,1,1
5.66771993313707,7,3,1
7.862733563662367,2,4,0
7.163533455345657,3,1,1
2.3755616131371875,2,1,0
6.244139980612097,9,0,1
7.65786663907082,1,1,0
5.773617041378405,3,1,0
7.181960850371934,5,5,0
9.02454089140153,10,2,1
7.047419092213962,10,0,0
5.498617191283458,4,0,0
7.090176948169507,2,3,1
5.2897756661937825,1,1,0
5.047806086569911,8,3,1
4.297171528572535,0,5,0
8.126826717664215,8,4,1
3.363142668115997,0,1,0
8.064735449356231,6,4,0
5.999728247480743,5,2,1
2.201387650396117,6,5,1
5.735298585982843,2,1,0
0.799946984696752,2,3,0
6.251016033662071,10,3,1
6.770462965977982,0,1,0
3.815288088695893,3,3,0
5.247095391911165,11,1,0
8.908314867500572,1,0,0
3.988506591476127,9,3,1
2.882184825886799,7,1,0
7.963326804925197,2,1,0
8.92517438106159,6,3,1
5.007391343695694,6,0,0
7.0229260708167125,11,3,1
7.682951831061763,8,1,1
3.515031534923232,5,0,0
4.029388329264263,0,4,1
7.4617490263094695,7,2,0
8.370028557417019,0,3,1
6.125761720348709,2,5,1
3.240371292995891,10,1,0
8.974122223398883,4,0,1
3.938058204376071,7,0,0
4.329724437657097,8,4,1
5.684675668979243,6,3,0
8.10832084142955,8,5,1
6.707951953104447,10,0,0
5.829731000723821,2,4,1
5.9265770602362124,4,1,0
5.087029337286932,9,4,1
6.116279029037012,7,3,0
0.0,11,4,0
4.406785081860403,0,0,0
5.482643869833562,7,0,0
2.697971832760986,6,2,0
5.77264663562312,0,4,0
4.591057558027757,9,1,0
8.510951396630979,11,5,1
8.146039450429713,9,5,1
4.068388861763674,11,3,1
4.698324576866609,5,2,0
4.852104868783215,0,4,0
4.096681047680755,1,1,0
5.390049968056253,4,2,1
3.4834358622248196,1,0,0
2.7387693301249474,9,3,0
6.245422447800538,0,4,0
6.259059168443621,5,5,0
3.3913684806800153,7,1,1
6.790710861525199,7,0,0
3.7368445416693374,7,2,1
5.506330476075963,10,3,1
6.640688025224912,5,2,1
4.932774870592574,10,5,1
5.909481824282269,2,2,0
3.9671407122248565,0,1,0
4.607066833143806,1,0,0
4.588281138239319,4,4,1
3.506843306919522,9,1,0
4.646451673768436,4,5,1
1.9027634022725066,9,3,1
4.01769250571579,0,5,0
4.430249013260658,0,5,1
4.48764049500924,8,2,1
4.517005108258442,1,3,0
4.876471600279742,6,1,1
5.958883036172128,9,5,1
6.749034148265045,3,1,0
3.7004695463034656,6,4,1
2.593598289221711,7,2,0
2.915911175513794,4,1,1
4.025594157610145,11,3,1
4.296157364366982,11,5,1
3.4600078676050856,0,4,0
2.407766671500211,3,3,0
4.087758345051624,9,2,0
5.362853240227943,2,4,0
6.190058931671129,9,4,1
3.8851538937833574,11,4,1
4.174004355713132,4,5,1
3.1466033823053783,9,0,0
4.937121659250447,9,4,1
3.3031427316183706,5,3,0
6.1462556264824,1,3,0
1.4282670161317776,6,2,1
4.280740655095075,2,1,0
5.6022146783834845,0,1,0
5.367669032645009,9,0,0
10.0,2,5,1
5.699600049135815,8,5,1
2.9918908063159795,9,4,1
4.809071505821854,10,0,0
1.4475073330670964,10,2,0
4.838800501406478,5,2,1
3.3338878859984824,10,1,0
6.8307805511203235,5,2,0
3.90091945080893,3,4,0
4.7664681684095065,7,3,1
3.728884317191193,4,2,1
8.477702703706662,6,0,1
4.357514467764177,8,4,1
8.665114086958404,4,2,0
6.628303524236533,10,5,1
5.9641334546707725,4,2,0
5.737466294635039,3,5,1
5.787594596432503,5,4,1
1.14465484130878,1,2,0
4.442233211698487,2,5,1
6.690315942368644,0,3,0
4.902205633051789,1,1,0
2.18962030639285,1,4,0
4.895191098845061,7,5,1
8.408211032510982,7,0,1
7.4937834310694384,1,2,0
4.875991981267936,5,5,1
6.902898554116173,4,5,0
4.266985959263897,2,5,1
1.5922568263465622,4,1,0
3.1510680237408915,4,0,0
8.125777537016395,4,0,1
4.452013836341392,2,3,1
4.513232041249964,2,1,0
4.400323607450239,3,5,1
8.808273179146013,6,4,1
8.251917830724127,11,1,1
9.437560466896269,11,1,1
4.681909579199897,11,0,0
5.59124897749419,1,3,1
1.9667149011584177,9,3,1
7.953868852236549,3,1,1
2.66444089746413,3,1,0
5.433551127525258,0,2,0
2.805394944734312,9,5,1
3.822266346522608,7,0,0
3.3254751379005993,0,5,1
3.7842494786483645,7,4,1
3.921754593702043,6,4,0
3.903462410149846,8,3,1
6.666667823560614,7,0,0
2.79027441387496,4,5,1
5.441082854027734,7,3,1
7.435918304611117,10,4,1
3.9736072709732078,9,1,0
3.564162218504796,11,0,0
4.538950749639499,11,0,0
7.359450416721421,2,5,1
5.388215261906716,9,2,1
3.9375714107848028,6,5,1
5.96775330237608,11,1,0
2.7954157003271534,3,1,0
6.362719020885896,4,3,1
5.817214615403535,8,0,0
4.384383057722232,6,3,1
3.3228284031055377,3,1,0
3.2266381554330854,5,2,0
6.06963467269182,9,0,0
7.457961004978124,10,1,1
3.7253845059424107,6,2,0
5.916773407102968,9,5,1
0.8259459627958625,8,4,1
3.830764538685601,3,1,0
4.937882134258196,9,4,1
3.1806331660363325,2,3,0
3.1269872504208083,7,4,1
3.6644408870622276,0,1,0
5.584385456652746,8,4,1
4.6253419631872505,0,0,0
0.5235375333500558,1,1,0
0.7585996947298677,7,2,0
3.786269644285649,8,4,1
5.915373172107104,6,0,1
0.0,2,3,0
4.000539647696739,6,3,0
3.9475042869651578,5,4,0
7.776675556416896,1,3,1
4.229956376574273,2,2,0
5.765977969481857,10,1,1
5.282514280174927,11,0,0
0.7388670403855988,9,5,0
6.536414433263475,9,4,1
5.430793010912576,11,3,1
6.016537279349179,4,1,1
10.0,9,5,1
0.8317741210028231,3,2,0
8.449393299522217,1,3,0
4.425104961199289,3,3,0
5.574657808806019,11,0,0
4.908975509397516,7,2,0
4.151527333203913,4,2,0
3.8603341435224827,4,4,1
5.659017471146019,11,5,1
1.9656526066566418,11,0,1
6.501158335043531,9,4,1
4.167611190229492,2,0,0
2.7398613219192844,7,2,0
4.099974284008373,5,0,1
7.514298433725146,1,0,0
3.929329825967554,1,0,0
5.716907236419241,8,1,1
3.5380874485690534,6,1,0
6.515843699847239,9,5,1
6.371015477580408,8,5,0
8.697217666592824,5,2,1
4.648872109001569,4,0,1
6.337309609515813,11,2,1
5.196135079077889,0,1,0
7.591743563726029,11,0,1
3.5623352247825393,5,4,0
6.490010625754563,5,1,1
4.610605407766637,2,1,0
4.871623645783004,2,1,0
5.183504968896746,2,0,0
5.504480792853355,2,5,1
4.767541913756084,6,3,0
5.429426366341053,9,4,1
8.156236115124369,10,4,1
6.970899371230437,1,2,0
6.738309184993793,9,0,0
4.088920947952259,9,5,1
3.2215183435433516,1,1,0
6.9106011164755055,2,3,1
6.752093585059589,9,0,1
7.945341351501964,11,0,0
3.792038748061541,6,5,1
4.540902689279306,2,3,0
1.7210316749491317,6,1,1
4.215057787878254,8,0,0
6.993141021158895,10,4,0
4.067009241543604,9,4,0
6.280959590401648,11,3,1
4.618993788004377,10,1,0
5.648114056443121,3,3,0
2.7046172203686654,6,0,0
5.170418899267802,8,4,1
0.0,7,2,0
4.62620768367603,7,3,0
1.7390535125697197,8,2,0
7.411989033093632,4,2,1
6.554814705529022,4,5,1
5.933341963932162,2,4,1
8.04201245431876,4,3,1
3.1021669583503257,7,2,1
8.494726395831115,11,0,1
6.864383128520769,4,5,1
4.526889425562108,3,1,0
7.271240294365889,7,5,1
2.7874129751767316,6,1,0
3.3509716769446527,5,4,1
3.782820553520599,4,3,0
3.9420445838719695,4,3,0
2.8868847144794945,9,1,1
7.4461661341906495,1,0,0
4.482291199260336,3,1,0
5.7050099367137594,7,1,0
3.859297267172639,7,3,0
1.3587933989029657,10,2,1
5.540114716782844,0,0,0
1.1754900491604463,1,3,0
4.862731907829063,4,5,0
2.263369922334379,8,1,0
8.974551998461616,9,2,1
6.822725444349444,10,0,0
5.211507582542961,11,4,1
7.527413355309337,10,0,0
3.3073680450685283,6,0,0
6.086958757340186,9,1,1
5.399620867437427,4,1,1
5.52804016266734,0,4,0
7.544707000213536,5,4,1
6.464984205559604,11,4,1
5.577447325650047,7,3,1
1.6902251275434077,6,3,0
3.0799074094410726,1,1,0
4.754582132808552,11,1,1
5.186744748553302,4,4,0
2.7395925506521523,10,3,1
9.823353351156843,3,2,1
8.032788110507145,8,3,1
6.204236640784967,9,1,1
5.144073722567489,0,3,0
4.575582060197696,11,1,0
3.096163079955529,5,4,1
5.154961037037725,2,4,1
5.515505080285501,10,4,1
2.5164788490367513,8,2,0
5.668352834489795,4,2,0
4.6894819023505026,5,1,0
1.184384884245218,10,0,0
3.279229978440996,8,5,1
4.172788933156712,8,2,1
8.775375314680382,7,1,1
6.113106249067516,8,3,1
2.3290368618002173,3,4,1
5.972072578835274,5,4,1
1.905392022123269,4,4,1
7.165382107774146,4,1,0
4.057750696364243,3,4,1
4.812727622521658,1,2,0
7.65159329508438,11,3,1
2.4256728628315,5,4,0
2.2057636297740175,8,1,0
3.8328013473079903,11,3,1
7.076757702038633,0,4,1
1.9613078490463152,6,0,0
0.0,5,4,1
4.097682283182002,2,5,1
6.103481599821841,0,2,0
7.400523499477659,3,3,1
4.073677275829202,8,2,1
4.177146785767995,1,0,0
7.307801468511494,2,0,0
1.2605166006091588,1,5,0
4.222958449633982,1,2,0
5.380847779850115,9,3,1
5.898437442570069,10,0,0
3.9803866136182346,10,0,0
5.068882023411683,7,4,1
0.02334529317402101,2,5,0
3.6835031753323033,6,1,0
5.9070174251089345,7,0,0
3.035411931490641,2,3,0
5.117968443179195,1,3,0
5.893745001605396,7,4,0
4.31490159828447,2,3,1
5.340927541993142,6,4,0
3.0745348694307753,11,0,1
4.586777440607907,0,0,0
6.220432339178445,11,0,1
5.3139459219368685,5,0,0
3.826937460872129,11,1,1
5.448432808581586,11,5,1
6.429219581273236,8,5,1
0.900117442845044,11,1,0
7.318148129911796,2,0,0
4.327490522637856,6,3,0
5.85097986648046,5,4,0
7.394493847290455,7,5,1
2.256652605539068,2,2,0
3.581117995144907,2,4,0
4.422902608248591,3,2,0
3.432492957751143,2,2,1
8.469873151673617,8,0,0
3.2864558123464143,10,2,1
3.8889064410262666,3,0,0
5.408778063205953,5,1,0
2.5957009478478223,7,3,0
4.2086385764874725,10,2,0
5.6349065225003505,7,3,0
4.334279191234978,4,0,0
4.8132262822001035,4,2,0
3.9413357751032585,5,4,1
1.971059381638466,9,1,1
5.643186422678477,6,5,0
8.509866143294483,9,1,1
5.0368032615668765,6,2,0
5.450528234495099,3,1,0
6.385445510233719,5,5,1
2.4613390069066017,6,4,0
8.405029316259212,4,3,0
5.404657592845604,4,4,0
8.263713798178218,1,1,0
3.5339340089520213,6,5,1
8.63612384511565,11,3,1
6.550310988069566,5,5,1
6.106080171704717,10,4,1
5.468048908706296,0,0,0
4.5029427638511015,3,0,0
7.401063316947745,2,3,1
5.280719739696094,11,3,1
1.0658605928256955,2,3,0
2.765627076585995,6,0,0
4.6283084956145055,10,4,1
5.61999796633111,11,3,1
4.8868230222002085,9,0,0
7.437941579587326,3,3,0
1.0977962719227503,11,3,0
5.28717587301032,7,5,0
1.3640415492256905,10,3,0
6.519424590968336,8,0,1
4.811082571115994,2,4,0
5.839219944048236,4,0,0
3.2722340788204676,3,0,0
7.558929863315502,11,3,1
7.083449328117703,9,5,0
6.167088606023775,5,2,0
4.740965506273119,10,2,1
6.159714570590264,9,2,1
3.586214864025302,3,0,0
6.711111318041424,7,3,1
8.298961788647842,2,2,0
7.141221119958372,10,1,0
3.540795060385181,4,1,0
5.722834634546206,0,1,0
2.4137169124827045,5,4,0
6.144780622351352,10,3,1
5.901206825725078,4,0,0
1.2603673209356718,7,0,0
2.6764323121752724,8,3,1
4.433722206512465,7,5,1
4.398280505718348,7,5,1
2.5810461291623894,11,4,1
5.777957458704368,2,3,1
5.502947217881024,3,5,1
4.611461736042961,10,4,0
3.488416999683274,3,2,0
7.097414252833127,10,2,1
8.310814226176591,4,4,1
4.032877032306926,8,3,0
3.7756661656903585,11,2,0
5.982415330823993,8,3,1
4.283941240506028,9,5,1
4.7212055986735315,11,2,1
6.479306303449343,0,5,0
1.1812878249854144,7,3,1
7.636604649705339,0,3,0
5.145361048658683,1,1,1
4.17701371087564,6,4,1
4.8215316915571025,7,0,0
4.924858710041037,0,4,0
1.5375973931101492,2,3,1
7.989876454906472,6,3,1
5.082651264541237,8,4,1
5.88600426089475,7,3,1
6.9030995411480855,7,5,1
2.9576750848793996,8,2,0
5.946943798070457,9,3,1
4.464717818202413,2,4,1
6.693541550432988,7,4,0
0.7455451592970093,0,4,0
4.801811399517462,7,1,1
3.7943586884320766,6,5,1
5.864525901268311,7,5,1
5.940088374736404,0,1,0
3.584748210355948,5,5,1
3.575652271647913,6,1,1
4.778669262885341,10,5,1
3.2067155453695837,4,1,0
6.683967390904254,4,1,0
4.261585599105108,6,5,0
0.0,10,1,0
4.250355886756388,2,5,1
2.9229123583120553,5,1,0
1.737448369078109,6,4,0
2.525146723554855,0,0,0
5.21881694366594,11,5,1
7.657281656496462,1,1,0
5.62636894772996,11,4,1
3.786993223568521,3,0,0
5.911808390341405,7,1,1
4.081819379562017,10,0,0
3.610799261673711,9,5,1
2.691274663534031,5,0,0
1.4963423864965617,0,2,0
4.22015258688111,9,3,1
5.316106979840264,4,2,0
4.80675265997022,6,5,1
4.168066144105283,5,5,1
3.1085078786064377,11,0,0
6.216492383369937,8,4,1
2.36573616010683,7,1,0
6.552055827686951,3,3,1
2.9955659621465505,10,1,0
3.49512952529393,11,4,1
2.066429618768646,4,5,0
3.9971957062287267,6,3,1
6.950624916955958,7,2,0
6.031256176887913,4,5,1
6.95684422405607,8,5,1
6.044285091867872,9,0,1
2.7926603429392616,11,4,1
4.338421551344886,3,0,0
3.439601741765075,3,0,0
7.661149808078081,7,1,1
2.606422707147377,0,5,0
6.787395378778221,7,4,1
6.785907740217539,4,0,1
8.659240403432175,10,2,1
4.1806268147410055,0,3,0
6.424644319160324,3,4,1
9.563303673077685,1,1,0
3.764716646132607,3,4,1
1.9299195049352806,7,5,0
1.2399799321844727,4,1,0
6.425424057722663,0,3,1
1.2336995838828324,6,2,0
4.255361894124154,0,0,0
5.874626374077922,8,4,1
5.370351073659828,2,1,0
5.850889728368345,11,3,1
5.444579711601708,2,0,0
7.557731626626786,5,3,1
3.095367238522406,9,2,1
3.6460097230829374,5,0,0
3.454681109458352,10,0,0
6.66038362372522,10,0,0
6.800797176790127,5,1,1
5.902450638637016,0,0,0
7.366987333779855,4,3,1
2.6439182652472386,11,1,0
8.334448223102275,5,0,0
8.046477243424516,7,3,1
6.471243994491493,0,3,1
8.56359781754212,4,4,1
1.6867535846444524,2,3,0
3.9511037274746963,1,5,0
3.5293930786360956,10,2,1
6.442958647514686,7,0,1
2.899718520795709,6,0,0
6.514990298674971,9,0,1
7.741072287993427,6,3,1
6.390405800167999,4,3,0
5.567502047323003,11,0,1
3.0242533181985016,8,5,1
3.306298067749271,4,1,0
7.499237810593334,1,1,0
6.558698007810665,2,2,0
4.921960961244912,3,4,1
4.164180908468219,4,2,0
0.9483842537772462,2,0,0
2.8582951626311224,11,0,0
8.822838174279447,6,0,0
2.4390888579950665,4,4,0
5.378959642442162,4,3,0
7.014887946390397,5,4,1
2.490154663995415,6,2,0
5.3694209495621665,9,3,1
6.87583107502131,9,3,1
5.0249986438145005,7,2,1
10.0,8,3,1
1.6628014822436095,10,1,1
7.117457059767758,3,2,1
4.654396525207071,4,2,1
6.54384030967335,4,1,1
5.8826143033984915,7,4,0
3.533687605780007,8,4,1
5.45799278491868,6,4,1
1.2841970972034256,4,3,0
6.2064950011427875,2,1,0
5.596316931981051,0,2,1
6.277320337286205,10,2,1
7.116236650174301,8,2,1
5.735239680419422,4,3,0
5.296178839596553,8,3,0
3.2378633266774157,9,5,1
3.575558472701898,11,4,0
7.3734692403546624,3,5,1
7.8726708114119575,4,5,1
4.523779127375892,3,3,0
5.092005494506548,1,4,0
3.190771250012468,11,4,1
7.34551369053489,0,2,1
6.330833647383558,7,3,1
8.882434872927497,3,4,1
3.243353845640522,4,5,1
4.243984201963565,5,1,0
5.462891845051145,7,1,0
6.292979075451541,10,3,1
4.568664724904735,7,2,1
3.254077819092599,6,2,0
6.762815057847142,3,4,1
6.442270725091163,5,3,0
3.16745179887255,3,1,0
7.7108856022109915,6,5,1
7.3403974183932075,11,4,1
5.268592994495585,11,5,0
5.159195724752073,10,4,1
6.108115542231815,0,0,0
3.276593859487484,4,5,1
5.060062958328165,9,3,0
0.6952329107816393,11,5,1
6.752911291005871,9,5,1
1.8770135551162812,3,4,1
8.006839656857998,10,1,1
4.3397598120671,6,0,0
4.576666036137646,8,5,1
3.7445321878309885,4,1,0
4.4239222521558474,3,2,0
7.837062690296073,8,0,1
0.024382686929841135,4,0,0
7.5539307721763755,8,4,1
5.676046962203416,7,5,1
2.585956704285569,3,2,0
2.8493752139015243,10,4,1
8.352786054416406,10,3,1
3.108986240114538,6,1,0
2.6932989788080812,4,1,0
7.274629084729458,9,4,1
5.677105752571828,3,1,0
3.124148846927202,4,5,0
5.433249950809238,4,1,0
2.9484946327194455,10,5,1
7.20164279684521,8,3,1
7.122741929746267,11,2,1
6.064012397643886,8,0,1
5.723322122494033,5,4,1
8.522376249734748,3,4,1
4.999372654776451,1,5,0
2.6362517491583977,2,3,0
5.898947825664614,1,3,0
9.172094099074227,4,0,0
2.9704810136282958,5,2,0
4.277074466612029,10,4,1
5.8328920762029055,4,5,1
4.892190301988522,1,3,0
3.035392839245371,11,4,1
7.243715712460942,4,5,1
9.640081444034518,8,1,0
5.392262918047814,3,4,1
3.1918634205279997,11,2,0
1.90207894989305,9,5,1
5.515951962442362,1,2,0
7.207754686632516,2,4,1
5.950335492990764,2,1,0
4.995192318162292,8,2,0
3.8214566964213876,3,3,1
2.8156727345638206,0,5,0
6.669502652649764,0,4,1
6.8275432427711715,6,1,0
1.9085404266185337,6,3,1
8.179677956361367,1,4,1
6.148142441788003,8,1,0
7.7991892902915865,8,3,1
2.31574450302977,4,2,0
2.268351689169122,2,4,0
4.702061380465406,2,4,0
6.005568853790388,11,2,0
8.592721645853928,2,0,0
6.4121578276302635,5,3,0
4.514637446375933,3,2,0
2.9472615846682158,7,4,0
7.4600011454383,10,3,1
3.0705891484985703,10,3,1
8.256937109544644,10,0,1
4.431230700786982,4,4,1
8.181164145235702,0,1,0
6.357862580118557,8,0,0
4.726009021115083,0,0,0
3.9612072563477465,5,1,0
4.31818424530784,0,1,0
5.8566333847504755,2,0,0
5.154312992435433,9,3,1
3.8123771838625897,4,2,0
4.668737179364736,9,2,1
5.1571540594383,6,0,0
0.7425318111703758,9,3,0
5.916336229577397,7,1,1
3.0405575505663864,11,5,1
2.69333519358851,8,0,0
1.6253113057785793,5,4,0
1.4122150042642194,10,3,0
2.2891049937754215,8,4,1
3.581958084739019,7,4,1
8.906518275053136,8,0,1
3.948240648209592,9,3,1
5.355500212536063,3,4,0
5.800962773012658,8,3,0
5.262130372431697,6,2,1
4.845113078548013,4,5,0
2.6094124728015107,4,4,0
7.901855096558424,0,4,0
8.614393287275771,1,3,1
1.6346826117546285,9,5,1
2.951942818227241,2,2,0
4.440379315245988,7,4,1
3.070924410179617,5,0,1
6.011931106911731,11,3,1
3.543455595186774,9,3,0
9.330112135613206,10,4,1
7.381097188687193,4,2,0
5.42514806126443,0,4,0
7.053972526639464,11,1,0
7.211800848714618,10,4,1
3.8721050238835133,11,5,1
3.3675655109160703,8,5,1
5.156286125939295,2,1,0
6.7232722489958885,2,5,1
5.278120797306835,1,5,1
1.8460070356180056,3,0,0
3.3943511120983154,11,3,1
4.852054272811244,1,5,1
4.84866879134834,8,3,1
8.945084353579617,11,2,1
2.228024115202004,9,4,1
6.011178483671749,6,0,1
7.978226216656579,7,1,1
9.542899490845592,2,2,1
4.191205153632078,5,0,0
5.982858905440399,9,0,0
6.139520714397294,5,1,0
5.390963463106582,0,1,0
4.802309597521388,5,3,0
5.871950779000092,2,4,1
0.0,10,2,0
6.364138980125262,2,4,1
5.2523558073239345,2,2,0
4.555050206443469,9,0,1
9.093724391439116,10,5,1
3.6501319624188957,10,5,0
4.193848021869939,9,1,0
8.983106604409468,10,1,1
3.3358773903002867,7,0,0
3.899769434126922,4,0,0
4.7059491531383,3,2,0
6.681468964259098,8,0,0
5.415605014706626,8,2,1
2.4147493056954747,0,4,0
3.935662873745621,1,1,0
3.7852911335755772,7,1,0
4.845557909553909,4,5,0
5.851687317259659,6,5,1
5.836411511775944,0,1,0
1.4479764919031957,11,4,1
7.127881975121712,9,4,1
5.505137691993247,11,3,1
7.7690640951878125,4,2,1
5.888396654581344,10,5,1
7.202645915471525,11,2,1
5.933090622900254,2,5,1
7.692451512405496,9,3,1
6.044501272035557,11,1,0
4.804169507114192,11,2,1
9.544869440893763,1,5,1
6.778074244559784,1,2,0
6.147488842008826,8,1,0
2.447391166923328,3,0,0
2.4233847650729246,3,5,0
5.585430964283707,6,0,1
5.291042395536482,9,3,1
3.7717548699833676,9,4,1
5.28196539922412,1,2,0
8.17725385608719,2,5,1
6.390804949100597,2,2,1
2.7179829804945235,5,3,0
4.776982345714113,2,3,0
3.3900670382948785,10,2,0
4.224600167182878,4,5,1
4.172768668740715,3,1,0
4.044708834791989,2,1,0
2.4897292560532103,7,4,0
4.74469063696362,9,2,0
3.87878472630538,2,2,0
0.0,5,5,0
9.105944049003327,6,2,1
7.177539308433344,6,5,1
4.247398550150008,1,2,0
5.037638099481197,2,3,0
2.6566913053648764,11,0,0
8.391445755621731,9,2,1
8.794577389546223,9,0,0
5.313387456493049,3,1,0
7.047061288370689,6,4,1
5.350573557867848,1,1,0
2.3265491222481387,2,2,0
4.176353262072685,6,5,1
5.263855933543914,6,1,0
4.090904562513112,9,3,0
4.562693445129928,2,0,0
4.817200884981771,11,5,1
4.838243004269078,0,5,0
5.104516980994966,11,2,1
2.878789867206798,2,3,0
3.5659677017441274,4,0,0
2.4308314686000614,6,3,1
6.9556310993724,3,1,1
0.788706116319351,10,2,0
7.307180686633851,10,5,1
7.772698794525686,0,5,1
4.395638826034757,5,1,0
0.0,1,5,0
4.277378876065419,11,4,1
4.871631677422362,2,2,0
2.978803560142173,3,1,0
3.9695632123835143,5,2,0
8.060390397726703,5,0,1
6.329854324603482,6,2,0
3.1508717712438,4,2,0
1.8048016608091357,6,0,0
4.345965364780458,1,1,1
4.5730864412991235,0,2,0
5.9923983747266325,11,3,1
3.929366574864682,9,2,1
6.022999150723723,7,1,1
8.87030808012046,0,5,1
6.631002044888525,11,0,1
4.903822985338455,1,5,0
4.633699057893411,10,1,0
4.286653731640257,11,4,1
7.361281824904289,9,5,1
3.745373108097394,5,2,0
5.090445417999965,0,2,0
5.102395803762171,9,0,0
3.9964316143769363,2,2,0
2.2550689042317984,6,3,1
5.645949007235337,11,3,1
4.877992056289233,7,5,1
6.00048093887314,3,1,0
3.9327993871216664,11,0,0
7.441642597626096,2,4,1
3.2464524375763104,0,5,0
8.424080568035786,11,1,1
1.5047269803434768,8,0,0
5.8695401291137825,9,0,1
5.950861365053247,5,5,1
3.4088858641182354,5,1,0
5.848787875722025,8,1,1
7.559037339520318,0,2,0
0.5663623212918711,5,4,0
6.005489614981629,11,3,1
0.01345835933984496,4,2,0
3.068670392953584,10,0,0
8.25833272980189,5,4,1
3.836435933215892,10,4,1
2.652240071182055,7,1,1
4.604124542030636,4,4,1
9.135812676327104,1,5,1
1.3366355055879477,11,4,1
2.897380176721311,11,0,1
7.994863366359253,1,5,1
8.715404687075464,9,5,1
4.7931375514194325,4,2,0
2.521894594946715,2,4,0
9.191687003618318,9,1,1
8.188884783498393,2,2,1
6.3578939755244654,7,1,1
3.37519530212516,6,4,1
4.901941318323926,0,2,0
4.679279837910339,11,4,1
5.661702609231155,11,0,1
7.902002876262673,4,2,0
6.758834082274806,8,1,1
2.8452478460304835,3,0,0
7.752992900039075,0,3,0
5.6262642800263105,7,1,1
6.374131591717832,4,4,1
7.933081718557206,1,1,0
2.7768395009728977,11,3,1
4.9283488425870745,0,1,0
3.93709089728157,11,0,0
1.8642811492690883,11,5,1
5.69341995520984,11,1,1
10.0,2,2,1
1.3198445109884944,8,3,0
4.93543877790106,0,1,0
6.281085870149547,3,3,1
5.246156403312362,7,5,1
4.773743894968519,7,0,1
2.4015672731083515,9,2,0
5.465573485880327,11,4,1
3.4864720459681475,10,1,1
0.6201565900428934,10,0,0
7.389184441027462,7,3,1
6.916771639684085,9,5,1
5.103321953702159,7,3,1
5.458149376411405,3,5,1
7.148636025431123,7,5,0
5.448679313556165,8,0,1
6.808035109522629,6,1,0
4.4050355982523,11,4,1
7.623967477147893,1,1,0
5.641571451865368,8,2,1
5.388103887211748,10,1,1
2.459877822575936,7,5,1
5.573911708603418,4,5,0
3.3360901650110977,11,2,0
3.723434546943012,2,3,0
3.369248743367758,6,5,1
2.86753013620155,1,2,0
9.249542806033922,2,5,1
7.662678123976806,11,4,1
8.840735004288522,8,5,1
2.554209960888872,3,0,0
5.142507499821785,3,2,1
2.4129847495918084,2,1,0
3.608610245605872,4,2,0
3.1637460331668503,2,3,0
7.4791680128831235,8,5,1
4.20754064379648,2,2,1
7.136758667388033,1,4,0
6.208241779177036,11,2,1
9.607277504209577,4,4,1
2.041111553720552,5,5,1
7.518466479573598,0,1,1
7.292881740801455,11,5,1
3.0532423239459305,10,3,1
7.014266672946319,5,0,0
5.672289926052458,9,1,0
4.545047480093184,2,1,0
3.3521290260560006,3,0,0
3.561781097101628,5,2,0
9.099624191571852,7,5,1
5.001365637914965,8,2,0
6.564260003062918,5,2,1
3.4182012366648937,6,5,0
3.4402941075567224,4,3,0
7.163969618499884,11,1,1
2.3008475768969356,8,4,1
4.169572464189457,3,0,0
5.068054822144464,9,1,1
5.2227452036801045,10,2,1
4.641813429967687,5,0,0
5.791639562191846,4,4,1
6.385711511635623,0,1,0
6.46927509091866,4,1,0
3.0283923826643466,4,3,1
4.4316898041424055,8,1,0
7.389525723753875,0,1,0
6.789294375147745,4,4,1
2.254281097037872,6,4,1
5.702959800704403,10,0,0
1.0435495012503795,5,2,0
5.0938698041207395,5,4,1
8.795534033491954,11,0,1
3.1042145654620272,6,1,0
3.331353909016836,5,0,0
6.528059563145719,4,0,0
1.9143969695807082,9,0,1
3.734489940229922,4,5,0
6.192882275163505,8,0,0
3.731428304621194,7,4,1
4.528060025578057,11,5,1
6.488371420630069,9,2,1
5.843092167073123,3,0,0
5.533636792590804,3,3,1
4.321755441459922,9,1,1
5.740122230537911,4,1,1
4.752534639800487,2,5,1
5.915611219851569,7,1,0
4.006135949764044,6,1,0
4.634862051240917,4,5,1
3.0200844148959725,9,1,0
4.929984779987528,2,0,0
3.3779982727423103,4,2,0
2.7719070996760133,2,5,1
5.517322295710776,9,3,1
5.425479551715321,4,5,0
6.565747469897145,0,4,1
4.137748860849802,5,3,0
5.816105693673512,9,4,1
6.101595144547327,3,5,1
5.889547615663189,3,4,1
3.3486926343957157,7,3,0
5.298726964542378,1,0,0
5.728280592109323,3,5,1
5.0143569338158835,1,5,0
0.8270446832578306,0,1,0
5.32097924794696,9,5,1
9.425062078794484,2,5,1
4.279921462486034,11,0,1
3.543845804289358,7,1,0
5.746697119422796,5,2,0
5.624756420933143,11,4,1
7.385470330832829,6,3,1
2.4842636881822244,1,2,0
6.462760505149985,5,1,0
6.180844122502927,7,0,0
4.715706926118908,7,3,0
5.67737463584338,3,4,1
7.058914963196715,5,5,1
6.744630760056901,4,5,1
2.7139613758525427,8,2,1
6.640316373510969,7,4,1
4.870622789934963,1,1,0
5.145748196031031,11,4,1
5.146393982003389,6,0,0
4.69951402240348,6,2,1
7.38341499421413,10,2,1
4.832564080301576,11,0,1
2.7609077432336626,0,4,0
4.212940288060542,0,0,0
5.357389433620951,11,3,1
7.4584295685941004,3,0,1
6.206189369897667,4,4,1
3.298929442505912,3,0,0
9.970379833357782,6,1,1
5.529550621955959,2,5,1
7.550781475998029,6,0,0
4.696571132845541,7,5,1
6.066718489410899,5,0,0
6.67893700903681,5,4,1
7.436389423508512,7,3,1
7.1147366107564505,7,3,0
6.744394000145956,6,5,1
4.369826537611782,5,4,0
3.8565079160878772,5,4,1
5.665215020648395,9,4,1
6.866256144682138,10,1,1
4.554558598446786,5,2,1
7.130343931428773,7,0,0
7.905233490972359,0,4,1
3.1673581618531603,4,4,0
3.32615859240744,2,4,0
4.719249882189327,11,3,1
5.615225336378392,7,4,1
3.9508659724658983,10,0,0
7.704405357734289,5,4,1
5.848133723036902,1,0,0
5.078894096481479,6,1,0
2.128180952262945,6,2,1
2.3683683671449858,4,3,1
5.562018500563613,7,0,0
0.7348087476903276,4,5,0
7.025274819288144,0,1,1
4.683692311255359,8,2,0
10.0,3,2,1
9.615832501232221,1,2,1
4.637101861504966,3,0,0
4.78732599493737,8,1,0
6.99116302800406,1,4,1
8.406345219836076,3,5,1
1.7239418851279664,1,1,0
1.4272490692906268,4,1,0
3.755930388891237,2,1,0
6.165475166347729,9,0,1
5.993747181015194,1,5,0
7.1395429099677,8,0,1
2.6006049432693836,4,5,1
0.3677122740622467,9,5,0
6.716028390604291,4,0,0
3.343607454069531,0,5,0
0.9630242712227242,5,1,0
5.2901274919187635,6,0,0
6.586351376437355,0,5,0
4.755885735757445,8,2,1
4.084303227635021,7,0,0
4.6812755357081866,11,3,1
4.258834475198435,7,0,0
2.3039057761196657,6,0,0
3.5706386460191366,4,0,0
6.042559810027629,2,5,0
5.643357082753,11,0,1
5.336119611933641,8,3,1
3.0097030362932413,6,4,1
4.636993675728665,10,0,0
0.6458699071142906,9,2,0
5.356953327770779,9,3,1
7.857715415627135,7,4,1
2.0517357359157886,5,5,1
3.8281446533644896,11,0,0
5.658213557420259,10,4,1
7.505685268854967,4,2,0
4.103550767399701,7,3,1
3.6154993414682073,2,3,0
1.0621537151678337,11,5,0
5.206876258616213,6,5,1
9.084152080287488,1,5,1
5.554716923929352,2,4,0
4.9554420416325735,11,0,1
5.644164621533971,1,1,0
4.977815992102796,4,3,1
3.3739712554797405,6,1,1
6.646559831355411,10,3,1
5.4515230462235085,9,5,1
5.035226503867315,10,0,1
3.0492679454435,10,0,0
7.607015863869519,10,3,1
6.32940549066622,9,4,1
3.894158325265396,0,5,1
7.003649707363874,9,0,1
4.004858323229586,8,0,0
3.4359930149779263,0,2,0
3.480593765039426,0,0,0
1.4578628938238176,11,2,1
5.9430847608364115,9,0,1
1.3377102433232997,7,0,0
2.5431123374684748,5,4,1
0.8488239818429335,5,4,0
4.8278606144182135,11,5,1
4.699359079456256,8,0,1
4.346607573627272,3,5,1
2.9148446106588475,7,5,1
2.65553249312672,3,5,0
5.928739727093149,1,5,1
3.8988961365830246,10,3,1
5.632716643072289,7,3,1
3.229502627751555,11,0,0
5.3621254855421645,6,3,0
7.6065560746321275,3,0,0
6.172331600785567,8,4,1
4.1751723635670395,8,1,0
5.514397940711855,7,2,0
4.518669650939574,0,3,1
5.015760369389456,6,3,1
4.348777895702993,4,4,0
4.671329588229217,6,3,1
5.42418670614835,11,0,0
3.0132826008360984,8,0,0
2.9682423460200433,1,1,0
2.222914892337578,10,1,0
1.7994577909925802,3,1,0
2.5654346155590413,3,0,0
5.318925013608259,1,5,0
3.214424969016232,2,5,1
6.0272289284621925,10,1,1
5.0694274975051234,7,1,0
1.0629915731238926,11,0,0
6.30995116844338,8,4,0
6.62159729118342,5,3,1
3.0122746503302933,9,2,0
5.840383085789983,1,5,1
3.287003525181602,1,5,0
5.195340753496671,6,0,0
2.4710031860900687,7,0,0
1.4137870949308464,7,2,0
4.234365620774063,5,2,0
4.752542107450328,9,1,1
4.204640612770792,7,2,0
2.631938883554881,0,3,0
4.200201875737726,8,3,0
5.538589505161468,11,5,1
4.910213939754926,0,3,0
5.365002061198426,2,3,0
3.6597695990915344,11,3,1
7.34343582943232,8,1,1
2.6476533268904388,10,5,1
5.975120594173437,4,0,1
7.3637821859199235,8,5,1
5.961816185497791,8,5,1
4.59495154587034,5,5,0
3.943405906674042,10,2,1
7.072175302092512,0,0,1
2.154050149476654,9,2,0
3.059751479240713,6,1,1
4.204884469016557,5,1,0
7.475307515023996,8,4,1
5.759535272081792,6,4,1
3.0639084829795094,11,1,0
4.379384589230193,10,1,0
3.771353711807411,11,2,0
3.58042201553293,3,1,0
6.957779117113558,6,0,0
2.2565137414729888,1,2,0
8.217561711468747,5,1,0
6.656459380369245,5,2,0
7.181723341207396,1,2,0
4.074120975949484,3,3,1
4.700118561841781,7,4,1
2.133696370950576,7,2,0
3.9506751858663938,7,5,1
5.987309695286302,7,2,0
7.592126123562792,0,5,1
2.7856863663950966,1,3,0
4.268988126029468,11,1,1
4.697401559534955,3,2,0
2.2084215956150297,11,3,1
6.1826984835168,8,0,0
3.552019336514782,2,3,0
4.609219297645952,5,4,1
4.096101256176245,6,4,0
3.421322988560651,7,1,0
4.985910029038891,6,5,1
4.568780842863955,2,1,0
4.256284235442669,5,5,1
3.5430767566393144,4,5,1
5.639049341565911,11,5,1
8.30723453698457,9,5,1
5.279774465678255,3,4,0
6.992236429822258,0,4,0
2.2195561496930747,6,2,0
5.315522878587539,7,4,1
2.805263362057867,1,1,0
2.046150144936197,6,4,0
3.5212571850819274,5,1,0
7.383798668827145,4,0,1
6.900031657339291,3,4,0
5.4860094441088,1,1,0
1.9345988802201384,9,5,1
4.607438697224127,5,3,0
5.603400017803471,4,5,0
5.351072459157196,1,2,1
1.3124128330385085,9,1,0
3.2193643039602566,6,5,0
4.871844471702567,5,4,0
6.072581819034379,11,4,1
0.6077443578001072,10,0,0
4.675752049040283,8,3,1
5.286097539757905,10,1,1
6.6992239770324264,9,5,1
6.385715168474873,4,3,0
6.165142637617611,8,0,0
3.400118986596132,8,2,0
1.1839957257533849,0,3,0
4.213894485877198,4,0,0
7.00326365041712,8,1,0
7.786909055048863,6,2,1
6.4210982045955705,5,4,1
5.858681645603468,5,0,0
5.759279296771931,10,4,1
3.887762506478439,6,2,0
4.73987941289276,0,0,0
8.338139051652663,3,0,1
3.1148839884162474,0,2,0
8.229557581419703,5,1,0
4.3559436910158835,3,0,0
7.650864218190157,0,2,0
2.1863699810049235,8,3,0
6.171808402329298,11,4,1
3.526459728104756,3,0,0
2.169465616151625,11,3,0
5.437068084821892,5,0,1
7.018943577191937,6,1,1
3.3101171228130073,7,2,0
2.0019680790831975,11,0,0
4.81631047133009,10,2,1
4.825129342445638,8,5,1
6.096639255108998,8,0,0
6.899189142728977,7,1,1
4.881169637455012,9,1,1
8.711006629588526,10,3,1
5.448469489070583,11,1,1
4.307146987986201,11,2,0
1.7768652817943442,2,5,0
4.474680959367665,11,1,0
4.327226109177728,1,0,0
6.920609592562941,4,1,1
5.924967248133708,0,5,0
2.6412617567347656,2,2,0
5.344508772822075,0,0,0
6.343062343458107,2,3,1
8.056062718775665,3,3,1
6.7750079348281185,6,3,0
6.521693308622956,11,0,0
5.120171989230327,11,3,1
5.776624010846899,4,1,0
7.499009801412317,4,0,0
2.3344452050407005,0,0,0
4.301121345566088,7,0,0
3.4548625024875186,3,4,0
5.758306237452248,9,2,1
7.460444351301575,4,4,1
3.8060514265578522,1,4,0
0.21939126506112405,11,4,1
4.17555850995106,0,2,0
6.826947464034813,8,4,1
6.075259805899759,1,3,1
5.8563724956211525,5,0,0
4.44001339625104,0,0,0
2.4419385275604273,0,1,0
6.030588643248935,8,5,1
3.3314363799307505,3,3,0
9.368193466760912,8,2,1
6.141014416709032,10,5,1
3.838703394892098,4,0,0
3.777229505222744,6,4,0
4.814111586772824,0,1,0
4.5209961559565,5,1,1
7.233667551059908,7,0,0
5.372832339488093,0,3,0
3.536736522182944,8,5,0
8.780881370311565,2,1,1
5.0986166630404455,0,0,0
6.537679351937793,0,3,0
3.7835469851104815,10,0,0
5.726231255489047,5,0,0
5.62221998228639,10,3,1
1.220701415807694,5,3,0
9.030550220921281,0,3,1
7.581288921845094,2,0,1
4.205609367708025,6,1,0
2.795460519088289,9,2,0
5.695123227607104,2,2,0
5.173395398828793,2,0,0
5.711337897126459,2,0,0
5.383154792388179,11,1,1
6.012481978611852,6,3,1
7.8946113987836135,3,0,0
6.136206410257293,3,4,1
2.9006890021801177,2,3,1
7.7251257054249045,9,0,0
8.281229126976575,10,4,1
10.0,8,5,1
2.753011933520804,1,1,0
5.48576402630055,3,4,0
0.8358025936220255,7,0,0
6.106298312758418,5,2,1
3.9035994036664547,6,0,0
8.846891589649907,6,2,1
3.450770059962836,1,1,0
1.6216339240654767,3,1,0
4.0574725185949605,9,3,0
1.049024457565725,9,3,0
6.50219890901462,5,2,0
0.8698339074873589,2,2,0
5.056915162366318,8,1,0
0.8443763602876064,3,4,0
4.359404390926716,9,2,1
8.286756311609068,1,2,0
5.72129578287159,5,4,1
3.273012790070132,0,3,0
4.937593022121832,5,3,0
5.036033744088893,11,2,1
5.945260691686811,9,3,1
2.266283273438347,0,3,0
6.185134547694661,7,5,1
0.0,4,3,0
3.7402308952723793,5,1,0
4.023452315096911,1,0,0
6.266653652142477,1,2,0
5.045261705353738,11,2,1
2.1888738922874267,8,1,1
3.0300137483659695,2,0,0
5.397360019094814,5,0,0
4.841865316270887,9,1,1
3.841751780728507,4,4,0
4.038332420976041,11,4,1
6.392335994318578,3,0,1
3.964614854261571,9,4,1
4.823817511941853,1,4,0
9.339873176161085,7,4,1
2.152634726232154,9,0,0
1.2963145368506828,6,4,1
6.567179329597213,10,2,0
3.6427138774117935,1,5,1
4.36352494451476,5,0,0
3.4376872437377717,7,1,0
4.480399718464975,6,4,0
8.197076224192683,0,3,0
6.604256917236238,4,0,1
6.724447023773954,1,1,0
2.167545888414709,5,5,0
2.6976925268942615,6,2,0
0.0,6,1,0
3.381238357834492,2,4,0
6.913406372771317,6,3,0
6.033893031496742,4,4,1
4.556973474095752,7,1,0
4.955399432563894,11,0,0
3.622228914849189,7,3,1
5.409517764803568,6,3,1
6.53175655896123,5,1,0
1.7682264251790545,1,5,0
5.599295375674696,5,5,1
6.8648697419093345,11,4,1
4.169799422073261,10,1,1
6.401401224241168,8,3,1
10.0,1,1,1
4.791314414026216,0,3,0
5.786614100010647,10,4,1
3.523885832677217,4,0,0
5.362502325204101,10,0,1
5.920543249964608,5,1,1
5.3896846805402765,2,3,0
2.9606093605822865,7,0,0
5.412723542650902,6,3,1
7.924391877435274,1,4,0
5.897271529029054,11,1,0
6.923974378143682,6,3,1
4.525976059974744,0,1,0
6.499800478847421,8,3,1
5.558535676433052,6,5,1
3.098178540625536,5,5,0
5.637042009597749,1,3,1
3.0166066731193792,2,4,0
3.734239450230416,0,1,0
5.378656614584748,9,2,0
5.594488546760248,4,3,0
2.621535069845742,8,3,1
7.107971542365752,5,5,1
6.144012556600946,4,0,0
3.5905431287782323,11,5,1
1.9248304071016493,2,1,0
4.710190841837138,4,5,1
4.10811257227768,7,2,1
5.226280914106046,11,4,1
4.273766677688867,1,2,0
0.9850862785099803,4,4,0
4.223306123397683,5,2,1
4.388761777863374,9,5,1
6.267322049548118,7,2,0
3.6036006507779006,7,5,1
8.357349346745131,4,5,1
1.1767188986964858,8,1,0
7.622334995605248,3,5,1
4.55136205824379,11,0,1
6.719169744687113,8,2,0
5.159602968117466,10,3,0
7.279111072050938,6,3,1
4.2252760708943775,5,3,1
2.8027591496443756,3,0,0
7.841008574542126,1,5,1
4.773038708235718,7,2,0
5.443116947248421,5,4,1
7.46950382808959,11,4,1
2.93608951581113,2,1,0
6.190981795278515,6,0,0
3.820210487074218,9,2,0
4.735661288711256,6,5,1
5.144557930768578,5,3,1
1.999556277106128,1,0,0
3.4423259143591305,7,0,0
7.702145784826278,0,2,1
6.772382377169591,0,5,1
4.87472084534553,5,1,0
5.486246917025786,4,5,1
4.411514988727085,8,1,0
7.713166771655964,11,1,1
4.599294844411673,6,3,1
5.463684184269696,1,3,1
7.29206028828413,11,2,1
3.445257030308187,6,5,1
8.117578368993788,2,1,0
1.9390771805132463,0,2,0
8.259284262225597,10,1,1
4.254648832096051,7,0,0
4.514602504349437,11,4,1
1.2199796576341142,2,4,0
4.090410565244614,10,1,0
2.9203869379462315,7,2,0
3.7847073092530548,6,3,0
4.72537806842224,11,5,1
6.9155832289458115,1,1,0
5.415206702801251,0,1,0
5.615353306802228,6,5,1
2.8089612223088753,0,3,0
3.2384918207945397,5,1,0
8.597450036702623,10,0,1
3.529597930473507,9,3,1
8.31241650411459,10,0,1
4.513877602238267,9,4,1
5.004575872287008,7,5,1
7.140730320459859,6,3,1
7.543784843877313,3,3,1
4.778374879441825,0,2,0
4.223513892956922,0,2,0
4.888159102955574,3,5,1
5.675915056464237,4,3,1
6.782607373739511,11,4,1
5.008459717988303,6,1,1
6.237772596046307,3,5,1
8.276719464541882,9,5,1
5.762619224529569,11,2,1
5.623305712009556,0,4,0
1.9621783498198644,10,5,0
0.0,9,4,0
5.776751458460336,6,5,0
4.8103515374382555,1,2,0
3.970434650170516,10,1,0
5.487060408372689,1,2,0
4.879192541606184,7,5,1
7.255560501267797,11,4,1
5.1722217365179555,9,0,0
3.5061534298596646,9,2,1
6.980332477918578,9,4,1
4.565737850107595,4,2,1
6.053073367344615,9,5,1
4.045178587614399,1,4,0
3.7003462290051274,4,1,0
5.168336460371393,7,4,1
5.025657287087371,5,3,0
5.9596540707336665,2,0,1
4.462708493380515,7,5,1
1.3272804324592054,8,4,1
4.1344522328232225,4,5,1
6.587636934287631,1,2,0
4.405247841513787,1,2,0
4.507233194970904,6,4,1
6.972753011811874,0,3,0
3.5760535454821545,9,4,1
1.9143935635142006,11,1,1
4.678737760949011,1,3,1
4.031652097502526,9,5,1
3.067507360493492,3,4,0
4.649243088202619,0,5,0
5.983011294493568,3,0,0
4.981422876864369,11,3,1
5.613962145372476,10,4,1
8.626815397030846,9,0,1
4.314242276884872,4,4,0
5.556697269289339,8,1,1
3.9815732748017307,0,2,0
3.3072805602260544,11,5,1
3.83018469316446,4,4,0
4.042482856956623,1,3,0
5.718951595094251,8,4,1
9.698151573401514,5,4,1
3.5679131274483193,1,4,0
4.166749388769075,2,4,0
4.873753973777504,7,3,1
5.791597697419494,0,3,0
5.52710162390957,11,4,1
7.5681915878962345,2,2,0
0.14721585892958355,9,4,1
0.22614025960865458,0,5,0
4.008243655979701,10,5,1
7.1946003750874175,10,3,1
1.8687039367888074,7,5,1
0.0,0,5,0
6.142358812438418,4,1,1
5.487314447405429,3,4,1
2.8195831864011405,6,4,1
3.02892079855814,4,4,0
3.0605125607306514,7,4,1
5.22107063494788,11,0,0
3.747369447633986,10,4,1
5.98812783795104,0,3,0
0.0,4,3,0
3.286296269744401,3,0,0
2.7478920781778995,2,4,0
4.487318643255016,4,2,0
3.923904483019723,9,4,1
6.595687559791533,2,3,0
1.281326456679885,7,1,0
5.090982952661504,2,5,1
6.116672846423411,0,1,0
8.71329487312391,8,2,1
4.03646805781305,8,4,1
5.6489172087050346,5,0,1
1.3922744148752701,9,4,0
0.2160875913739524,0,2,0
6.6895487515634,7,2,0
4.9888794127038585,1,5,1
7.357025379596846,8,2,1
2.2531942220605017,7,1,0
6.039804279057505,2,5,1
8.737635681087706,4,4,1
5.839411216714532,8,4,1
5.5531630111820975,0,0,0
5.0171121616487,8,2,0
1.8582370857481756,3,2,0
7.711145871420696,3,3,1
3.7782847203898684,3,5,0
6.008966512766034,9,3,1
1.873931386857493,11,5,1
2.641080670984439,8,1,0
7.870174798444471,5,5,1
4.305395422084314,10,4,1
7.906550952085089,7,0,1
4.843538681882964,11,5,1
1.3162044540842852,3,5,1
6.784135199463441,2,5,1
3.820215364488784,0,0,0
6.397377627034087,9,2,1
5.050421735080164,6,0,0
1.9137635441142593,3,2,0
5.328589530741138,7,4,1
9.3924462843056,2,0,1
5.985972917028919,0,2,0
4.884964493989074,4,4,1
7.150686803913795,1,4,0
5.4213369304062216,2,2,0
5.4190684605255885,5,2,1
2.816749655681795,2,1,0
5.467696051579197,2,4,1
7.07088683283389,11,2,0
3.3278756957999507,5,4,0
7.848991642493895,4,0,1
4.816587951709748,9,3,1
3.2244609769229187,8,3,1
6.995264153840489,0,5,1
4.426411528523461,2,2,0
6.519029774972216,2,2,1
4.4164827354829255,10,4,1
4.880347712940193,5,5,1
5.987120408668583,7,2,1
5.581794115180012,2,4,1
1.008936439096523,2,2,0
2.7575125198112165,5,4,0
6.858819969581631,7,2,1
4.735726822196906,5,1,0
3.9525373944571562,11,4,1
2.2828519694850513,9,1,0
2.840527357448303,2,1,0
0.9564027200761052,3,1,0
4.797438562596934,0,1,0
3.803124838837906,7,0,0
3.0668242180293697,3,5,0
4.8637531496640936,5,3,1
5.727941261705476,10,0,0
9.18639586441989,2,2,0
1.9762331608735728,10,2,0
7.318762086601044,11,5,1
6.946203122030144,10,3,1
3.4418145212465987,5,3,1
5.406471909172062,11,3,1
4.084733501324769,10,1,1
5.371377160837477,8,0,1
8.0182620268091,8,2,1
6.211212465262626,9,0,1
6.017216746466884,2,0,0
4.139381360090715,2,0,0
2.0318866701513296,3,3,0
4.583063578919184,11,5,1
7.41321630972783,6,5,1
1.9456642868207048,2,3,0
2.88982126364661,9,2,0
5.252535472468137,7,2,0
3.030690430305475,10,2,0
3.414953105769575,7,5,1
4.152802836543646,5,5,0
2.268765191619701,3,0,0
3.0517563075672633,10,3,0
6.4068558335746175,11,1,1
2.385260435538072,10,0,0
1.8042557310103247,4,4,0
3.7399500409322113,11,5,1
6.463911005019692,1,0,0
4.606156384006221,5,3,1
4.070837843768763,2,4,0
5.0887175950312145,5,0,0
1.508585134280696,11,3,1
5.989411307550065,4,3,0
5.766870062807288,1,5,0
4.181383051808558,11,1,0
7.011849023592833,4,0,0
2.7450078020939226,4,3,0
7.255817986507138,8,2,0
5.308987331190503,10,3,1
4.326894820243654,7,1,0
4.9602527292633765,11,3,1
4.785470468378117,11,5,0
7.440565792835434,6,0,1
2.846641745057973,11,5,1
3.4749615217068035,2,0,0
7.07260578414496,9,4,1
3.8089301296322815,3,0,0
6.801066154663183,5,4,1
8.398871966017419,2,5,1
4.196409946116733,10,2,1
6.362724653150611,8,1,1
2.692615437320283,7,2,0
6.509466596135619,5,4,1
5.3988479719735345,3,3,0
5.94607656432043,6,3,1
3.70885585592921,10,2,1
1.677833168865655,2,3,0
6.006504129499009,9,4,1
0.873193695041091,7,5,0
4.36529901551493,0,1,0
6.88236373283994,2,0,0
5.3837954717460725,10,4,1
8.896685289579626,4,4,0
7.050218305163547,4,0,0
3.692203223348847,9,0,0
5.054626759702877,1,1,1
4.905258594911128,9,1,0
1.8356464733077456,7,1,0
3.1192021670312933,4,3,0
3.8784781860402795,6,4,1
0.9275589942881268,6,5,1
5.094986936503286,4,0,0
4.501856310693919,7,4,0
1.6542121973768515,8,4,0
5.8084257305546645,3,1,0
6.431745489381919,3,1,0
5.454068957729778,7,4,1
4.35186364958206,0,1,0
6.18288430350371,3,3,1
6.360440720953382,5,0,0
5.614807139439376,3,4,1
3.350775499130478,5,0,0
5.553201531022362,4,3,0
7.390961301650957,8,1,0
3.8067418827765396,9,2,0
9.195878678264862,8,3,1
3.948738132029231,3,2,0
5.064814026680272,3,0,0
3.6550288079873274,11,4,1
5.446541671840522,7,1,0
1.5155566147294497,9,3,0
3.9079164023665576,3,1,0
2.8157575993028656,1,2,1
5.270676695784582,1,2,0
6.988894751017815,0,5,1
6.2920123742291025,4,4,1
0.25668127828221543,5,2,0
9.08413930585576,8,4,1
5.590559881241736,4,5,0
3.4470017190139997,5,3,0
5.314255837981881,5,5,1
5.352379645005385,2,4,1
3.6663025660968724,11,2,1
5.395833334684151,3,0,0
3.7850554247593857,0,4,0
4.191276014619954,3,1,0
3.6274417284898313,0,0,0
2.1346574205206945,4,4,0
5.291672940430768,10,1,1
6.170598873032676,10,5,1
6.029767192152745,7,0,1
6.639850505270468,7,4,1
5.648680420029736,4,3,0
3.934549003566193,9,5,1
6.679327728862377,1,1,0
2.28496492031613,11,3,1
3.1986572349750397,5,2,0
3.071599857153511,0,5,0
7.1601121182786205,6,5,1
6.885577028280151,10,4,1
5.97461047408999,3,4,0
7.1438597304235945,4,1,0
3.241434435176024,5,5,1
5.6971902397219605,10,4,1
4.749651143233671,0,2,0
6.693764207769828,8,4,1
4.769551534895605,9,5,1
4.230114223179838,3,0,0
6.08181703712198,7,3,1
6.752338334382466,4,5,1
3.6633096103063965,10,2,0
4.877848657295248,7,5,0
2.8831187327166945,0,2,0
0.0038779650141211874,7,5,0
5.400919262827458,10,3,0
6.217810712509264,10,3,1
5.524133618173451,3,2,0
1.1008765644912657,1,5,0
4.298301139847051,10,3,1
0.5633044798978375,5,1,0
7.7394022153083695,1,5,1
2.827890835763828,4,3,1
7.510807218919792,1,0,0
6.891739287368291,2,0,0
3.1988192949278766,10,1,1
2.73443009746451,5,3,0
5.700740432772676,0,0,0
3.3113519256338577,5,5,0
5.204969284316415,2,4,0
4.034344818386163,6,3,1
1.4376831710687332,1,1,0
0.539063961751082,5,3,0
5.453368496989194,7,2,1
3.8768845073387492,0,2,0
3.8938203661717354,10,0,0
6.3917276781875705,10,2,1
7.346884553264889,8,1,1
4.454910557276381,4,0,1
4.3188025861802775,4,1,0
6.000286066227767,11,5,1
2.2861288606008494,4,1,0
5.446306109495394,5,2,0
6.103771943644308,1,5,1
6.3604604168352585,5,2,0
1.1264945949950702,10,1,0
3.477289460382119,3,2,0
3.2434734943530668,7,2,0
5.199773908818426,10,2,1
5.961489159535968,8,3,1
7.993420814891962,8,5,1
4.010069039263854,7,5,0
4.004855003381572,2,5,1
7.2993440377574945,9,1,1
5.59315387706061,10,4,1
7.535303022375947,10,1,1
5.5774560060196725,3,5,0
2.6857667625734583,0,0,0
2.333743290444387,8,2,1
1.896975501882142,4,2,0
6.324103669516946,5,4,0
7.377193646174016,2,0,1
8.698724282772762,10,3,1
6.68621066464648,9,1,1
7.325677155069972,7,3,1
3.8399673346926306,6,0,0
2.6871683665122865,0,4,1
6.700158664835106,9,0,1
5.835361504478802,11,4,1
5.214888748681785,4,3,1
5.7747429612659795,9,3,1
5.646370964916412,8,0,1
7.567633719707123,11,0,1
7.589971169633912,10,2,1
6.0884407046806945,11,4,1
6.691605745125856,5,2,1
6.028125104849551,7,1,1
4.077660535930762,9,1,1
6.51312934982628,0,0,0
2.2110098622814767,9,3,0
7.107783104591766,10,1,1
2.61095412046793,6,1,0
5.571606573589466,2,2,1
3.309692083147682,8,2,1
6.1067779661488535,5,1,0
4.932149548144182,4,0,0
1.8104880836733352,7,2,0
5.8413992620369575,7,1,1
3.844158446334579,11,3,1
6.762293441626738,11,2,1
5.002651377468815,2,1,0
5.790841970776077,1,4,1
3.084862089969576,1,2,0
3.821335537145276,4,4,1
4.082722727797831,9,2,0
6.713404960485112,11,2,1
8.354754175610978,6,5,1
3.3896564965142475,7,5,1
7.153696289315361,9,4,1
0.6606451645485958,7,0,0
2.6116211978154213,11,1,0
3.0824430876264506,7,0,0
2.2949826211185553,9,0,0
1.83282322042484,11,5,1
5.825997824275595,10,1,1
4.5718646045442775,2,5,1
5.75881079521022,10,5,1
6.380945372243026,1,5,1
5.531233986345067,3,3,0
6.315526352300747,0,0,0
4.860935427515461,2,0,0
2.6260132233885107,10,0,0
7.115628361641592,8,3,1
3.821775734437746,6,2,0
3.1288074024751484,6,4,0
4.644164248391204,0,4,0
3.174378161406974,6,3,0
4.165139236021136,9,0,1
5.688107843126933,6,4,1
5.696683478492254,3,3,0
3.2043398671487413,6,5,1
4.02458925410251,7,1,1
7.148666009540488,2,4,0
5.992800235467882,9,1,1
9.150130078697083,1,0,0
7.360256347483055,6,4,1
7.288586137119879,4,3,1
2.224262899088396,4,2,0
6.527720703266845,4,4,1
4.8937863966061785,6,4,1
3.898036392923501,8,4,1
5.336030681065057,10,4,1
6.890423069222967,7,3,1
6.001663182008423,5,3,1
3.2430523973158802,6,2,0
6.484917827185241,8,3,1
3.724824915848072,10,3,1
5.433366237928572,5,0,0
4.393299865045732,0,0,0
4.562267496528748,3,1,0
6.5324859500810195,7,2,1
2.919612560368204,6,0,1
8.890390148553866,2,2,1
1.3578278614110073,9,2,0
3.804664633490286,2,4,0
5.740423779883482,10,5,1
6.16862833287062,2,5,0
4.799048558856589,11,5,1
4.885218593996915,0,2,0
5.821100170655233,9,4,1
4.5378610450846395,0,1,0
7.786362515869811,5,1,0
6.678698228463205,0,5,0
6.74564870201127,4,1,1
3.0676865532591657,3,4,0
4.841223151188594,4,5,1
4.3990681025585925,6,4,1
2.9887972486210685,5,1,0
5.7203283678915335,11,5,1
3.924708484440367,8,4,1
6.310807659700474,5,3,1
2.8596168742113366,8,3,0
8.438081225683643,3,4,1
3.207334682815876,0,4,0
5.438604674400872,0,0,0
6.583718620776136,9,0,0
3.858719139599774,6,2,0
6.704937286865901,2,5,0
2.5416328043991676,1,2,0
7.90423539836512,5,2,1
5.028298529931517,5,1,0
3.807177184062241,6,3,0
4.401636455145131,4,1,1
6.617838538785438,7,5,1
3.8310894162991236,6,4,1
3.501284621154445,1,0,0
4.556926804832524,0,5,1
2.646075774460064,8,4,1
8.641087815883632,4,5,1
3.8672108175705535,11,4,1
6.663233572360808,10,0,0
5.4189401672955455,4,4,1
3.030931899036064,11,2,0
4.988090581574541,9,5,1
6.568005558621496,3,0,0
4.623477329827387,1,4,1
7.386225891702056,4,2,0
7.043030785563728,1,2,0
6.837829709316659,11,3,1
4.080686455454006,6,2,0
2.840315104437026,10,1,0
3.772824789274411,8,0,0
5.392481881333441,8,0,0
6.091573427064711,10,0,1
0.656857190479105,5,4,0
4.9837735967765,0,5,1
5.316178450646369,5,4,1
4.444911487368897,4,1,0
7.582547678031758,3,5,1
5.843560148501742,11,2,1
7.6203838161617945,5,4,1
4.568078959299536,5,5,1
6.87495498501385,5,2,1
8.270132789055038,1,5,1
7.623386898545322,6,2,0
2.815716813142534,3,5,1
4.492647844915238,11,4,1
4.309670589100407,8,4,1
5.978509070152655,9,1,0
6.372707110029066,1,3,0
3.3222146519485274,4,0,0
5.135677027833875,3,4,0
0.9601453356877272,8,4,1
7.88389001160378,3,2,1
3.975251518646613,7,3,1
5.111727879688994,7,4,0
4.380700572023877,5,5,1
7.29205515002683,5,3,1
0.0,10,0,0
4.966779315348182,7,5,1
4.788362485004604,11,2,0
4.092727224816635,11,1,0
8.452453091271265,9,5,1
3.2253410822884576,8,0,0
6.543592354471322,4,5,1
5.712505577412167,10,3,1
7.523038505071032,0,3,1
3.665621830444989,0,0,0
3.534062201752482,1,3,1
7.192139814954797,9,5,1
5.85064261666022,9,1,1
1.9101253066464827,4,5,1
3.9213899710734594,3,1,0
5.772765307696122,0,3,0
6.675528443093178,3,5,1
3.64153869361409,3,3,1
0.0,9,1,0
6.046446371474066,3,3,1
2.5593586201120484,0,4,0
0.9653224037551773,8,2,0
0.0,2,5,0
6.627961720395483,3,4,1
5.257234900809933,4,3,1
4.548687238575496,6,3,0
7.778048725925523,5,2,1
6.274649366046145,4,3,1
8.232600085443833,7,2,0
2.214529055666007,0,5,0
4.930898752092073,6,1,1
1.7665732501039715,11,2,0
4.541235336289065,5,2,0
4.502768292466645,10,4,1
6.253227274526141,4,3,0
5.091127762283796,6,5,1
6.246814276559832,2,1,0
6.406880266277788,0,0,0
9.309857354766283,8,2,1
4.369406689427751,1,0,0
3.117954598667242,9,3,1
5.492167230632818,2,2,0
3.395439945720913,7,0,0
7.963921536873071,11,4,1
4.433563922109535,9,0,0
3.868847264252019,8,4,1
4.057368557697764,2,1,0
6.436834846943282,5,3,1
4.68450603353703,6,5,0
3.7166663597392353,0,0,0
8.330703835247062,6,2,1
3.2876603186765,3,3,1
5.071132148065987,4,0,0
6.304612303220461,7,2,1
1.7373297791658535,3,2,0
5.96052100281185,3,5,1
2.8897846490391013,7,5,1
6.645565561668005,4,2,1
3.0746979761620477,5,5,1
6.385538063697721,11,2,1
7.211666132589425,10,0,1
6.72287305126561,4,1,1
5.502633296476205,0,5,0
4.5373981141406015,6,4,1
3.8471608473303123,5,4,1
7.942069381634208,1,4,1
3.6010095596647136,10,1,1
2.9258678528600077,6,2,0
6.33073787006566,5,2,0
3.4077263936270095,4,3,0
3.099873005067746,7,4,1
2.11279147566047,4,4,0
4.034180321078964,10,2,0
4.834569952207014,1,4,0
5.486183455321398,5,2,1
6.902612488598967,11,2,1
6.053795847331587,0,5,0
4.61825556089364,4,2,0
4.60360864724056,5,0,0
6.020314937830367,6,0,1
7.545140325857139,1,0,0
5.2526283989664,0,0,0
4.061738291579182,5,1,0
3.014267997828909,2,3,0
2.109589471175549,4,3,0
6.3325393440870466,11,2,1
6.155957047279115,10,4,1
6.154727050213323,1,0,0
4.742681107295888,0,3,0
7.813869491783501,0,3,1
4.031763010830365,10,0,0
6.910538474414411,3,1,0
4.922514210020914,9,1,1
3.783298470641325,1,3,0
6.185060614635523,0,1,0
5.819272237367987,5,5,0
5.713945518533852,3,0,0
5.162556844112397,9,3,1
4.924213836566338,11,0,1
9.776743985740877,6,1,0
7.368513290392346,10,0,1
6.445653789971024,5,1,0
5.223598316406776,4,1,0
7.014314401193339,9,0,1
6.035989552782904,11,1,0
5.052409505548071,11,5,0
4.3928713494681695,11,2,0
4.838165324674623,11,0,0
0.0,1,2,0
5.421201678595284,4,0,1
4.023047839779281,8,1,0
8.185339996565768,8,1,1
5.038688141623509,1,3,0
2.6220731609300763,6,5,1
4.9002396917437645,9,3,1
2.9077578298749915,3,2,0
5.946814831424933,2,1,0
5.581894728678971,10,3,1
6.9156792622165355,0,1,0
3.418236416610869,2,0,0
5.068016192456294,10,3,1
2.2699564091467295,8,2,0
6.402989563849429,8,3,1
6.0377423608802445,6,1,1
5.991610042055141,2,4,1
5.003238062713883,2,4,1
5.829545781577582,3,5,1
8.208678216617193,6,1,0
4.429811485915972,6,0,0
5.277290367420169,11,3,1
2.8277474016371804,11,4,1
3.2634780768033353,1,0,0
5.195626586186615,11,1,1
7.207867093403815,4,0,0
4.487438351496855,6,1,0
4.528166941375752,6,5,1
4.18622951099125,5,3,0
3.930486658311354,9,0,0
5.589942911417643,9,3,1
2.005484709642711,11,0,0
7.5618791533334555,7,1,1
3.6691554037410787,2,1,0
6.443806970876283,0,0,0
2.4600028052122482,2,5,1
6.337680261092436,10,1,0
6.3438892156289945,1,2,1
5.768404144011793,1,2,0
3.0111429564004153,1,3,1
5.499096379196154,4,2,0
2.633887630531222,0,2,1
4.494473489807629,9,5,1
7.058826201910652,3,5,1
6.593403854141484,9,4,1
5.030365885080866,4,4,1
3.050386848154316,1,5,1
6.291175424348387,4,4,1
5.038762475396051,9,5,0
0.35936880353915335,3,4,0
6.565259652633037,7,1,1
4.951534332260616,0,5,0
7.4049024959661445,11,3,0
2.8094589623143906,4,3,0
0.0,10,5,0
5.55816771669037,11,2,1
5.583127353363945,9,3,1
1.618656744787096,0,2,0
3.0430009082667873,9,3,1
10.0,9,0,1
4.388778771692393,3,0,0
6.461917952752432,7,5,1
3.6986803452632326,0,3,0
0.8193942022936866,10,1,0
4.659483506408189,1,2,0
4.4687908794277895,0,3,0
4.200243522663257,10,5,1
4.770718328987215,6,2,0
5.528536543291273,1,4,1
4.699766097492387,0,5,1
2.4719876641052725,11,3,1
5.972369583123878,5,1,1
1.1012564893551535,5,4,0
0.8992850854315995,9,5,1
6.478360989403136,1,3,0
6.014040544270713,0,0,0
4.885209269851928,9,3,1
2.209102990489856,2,0,0
3.5841781186518493,9,0,0
4.474506504626992,4,5,1
1.8082120628517733,5,3,0
3.521942683953534,2,3,0
6.304660676353359,8,0,0
7.854610728578432,10,2,1
4.161130494682899,4,4,0
6.512976708632197,1,1,0
1.1718798588250654,9,3,1
6.318902482227223,5,4,1
3.392103170545038,11,4,1
5.6146912334159405,7,2,0
4.504495163520581,10,4,1
7.640828019567668,5,3,1
3.2511287033201635,3,5,0
6.255212595123663,5,5,1
4.440985073406933,7,4,0
4.6833890439806725,7,3,1
4.6322922136815805,9,3,1
3.308653791011774,1,0,0
4.971802068186657,7,2,0
4.874703555756357,5,1,1
5.482480496813459,1,0,0
5.169010291385725,0,1,0
6.5959890992244725,5,3,0
6.847017232094737,6,5,1
2.8987533563443977,9,0,0
6.737545001181542,4,4,1
2.627327145780291,9,4,1
6.17571177627547,7,1,0
6.239477569405738,10,3,1
1.1773662166749919,11,5,1
5.185958493058819,8,1,1
4.063007773279368,3,5,1
3.48246948412925,6,2,0
7.701704661398011,7,5,1
3.692641718725162,5,4,0
3.3872461417639004,1,0,0
5.1513898800101865,6,0,1
6.371179492596832,8,0,0
4.716702827979746,4,5,0
7.332741091338504,1,4,1
6.061951323928181,3,5,1
0.6435773605371393,2,3,0
3.9410660729859837,3,4,1
3.876315801296602,9,4,1
5.958721906858845,6,5,1
0.0,9,5,1
10.0,7,0,0
6.06205218978842,0,4,1
5.297753607835382,7,0,0
7.363135432838293,4,3,1
9.687308105625249,11,2,1
6.741493289176806,6,0,1
6.89762619294324,10,5,1
5.261380048928765,10,1,0
4.716948493266104,0,2,0
4.048409111990198,1,3,1
3.347776016570916,0,5,1
3.6259718006010053,4,2,0
2.2988880713140336,5,5,1
4.848257098629953,9,0,0
1.6306648455472263,8,5,1
5.3818330482874215,7,3,1
4.927338783915316,6,1,0
5.293870596773376,11,0,0
3.955736859960015,4,0,0
10.0,2,3,1
7.720231800360626,8,3,1
2.5109149998305544,4,2,0
5.465736174853797,2,1,0
3.783987714125353,2,5,0
2.971040546585172,2,2,0
2.31985585775213,5,5,0
5.8644333815185075,0,5,0
3.637239529860852,10,5,1
6.935652048050408,3,2,1
6.987564429060878,7,0,0
7.747828770422899,2,3,0
3.295226467851793,4,0,0
5.950731221384021,1,1,0
6.264908433284601,1,2,0
4.05164364979207,10,1,0
3.45645608521425,6,3,0
8.219041331551946,9,3,1
5.4549917514641075,2,4,0
6.271935501423476,4,1,0
3.355847976344145,2,0,0
2.5614310669556124,5,1,0
3.861100451015779,9,2,1
4.751957225220006,2,3,0
2.8715599863653023,7,3,0
4.980310382699234,1,1,0
1.622989623863,2,1,0
2.7599051550602556,7,5,1
6.34182249655375,7,1,1
6.207581040555788,0,5,1
4.216246469226268,7,2,0
2.964471381846094,9,2,1
2.945192896947978,1,0,0
4.253463508117372,11,1,1
6.289036983290583,6,0,0
6.856491382688649,5,4,1
4.006936529036062,1,2,0
2.6930151480304323,4,3,0
5.535687275732666,6,5,1
3.352930058748301,7,4,0
3.963494722277595,2,3,0
7.650552180874075,0,4,1
6.654230857131536,6,0,0
5.315948624502903,4,0,0
2.4561619977745544,4,5,0
5.422793134941318,6,2,1
7.1253145815750525,0,5,1
4.248732668468929,7,3,0
7.70222817997343,11,4,1
7.5854905790364135,9,5,1
8.327465664286947,4,1,0
5.610486253062706,7,1,1
6.174783399612025,9,2,1
7.8283745766621795,9,5,1
5.894787874137951,4,3,1
3.9975317844195746,11,1,1
4.102914326944277,6,2,1
5.4771099075474785,9,5,1
2.4188771561075626,2,2,0
4.7134821692716145,1,3,1
7.1930942364605075,5,1,1
0.6174922976694379,4,1,0
8.06896420358903,8,1,1
7.244748437406319,9,0,0
4.0804707683390475,3,1,0
6.08678165574362,10,4,1
5.006295453812653,2,0,0
7.459980736877366,8,5,1
6.965366285539883,7,0,0
2.1998585536339816,5,0,0
6.174524826928353,0,0,0
4.588744292713505,9,2,1
5.1656651410362,11,4,1
3.543656198060369,10,3,1
8.49627413824167,0,1,0
7.0801236398051515,11,0,0
3.5204576720540652,5,3,1
2.330778786179535,2,2,0
4.228654738044304,2,3,0
5.869005292182612,5,0,0
5.480411687892446,2,5,0
7.506265649536487,10,4,1
6.5798394443617045,9,3,1
6.939138051505814,5,0,0
5.653710801220875,4,0,0
2.2214025395780195,3,1,0
4.6086029377061974,7,5,1
7.120179479817331,1,1,1
4.896954142950708,11,5,1
6.006180737247494,10,4,1
4.362503369507734,6,1,0
2.94037630291631,3,4,0
4.753311871907779,1,2,0
5.6180948860653075,6,2,0
3.6886245610771127,0,5,0
4.528577510286663,3,5,1
3.1210735160280345,8,1,1
7.238489835128192,3,2,1
4.411088484823932,11,3,0
7.905511090252366,2,3,1
8.057495701081816,9,3,1
4.837908070556512,9,2,0
2.9831025349053006,1,3,0
0.8282042445333255,2,4,0
2.055925853946417,0,0,0
2.25233035020268,9,5,1
7.75693925492301,7,1,1
5.231649174453892,0,4,1
5.779209048183976,2,3,1
0.5591579821297481,2,0,0
2.604067141565477,1,1,0
6.7741595528925735,4,4,1
5.573548224765172,9,1,1
4.705589442628805,2,5,0
6.129684717200245,2,2,1
8.27159561227163,7,3,0
4.557915072925899,3,4,1
5.138739605316139,3,4,0
5.3851938374626105,2,0,0
9.784219270547986,10,0,1
0.8012874711619489,0,0,0
6.366446029577616,7,1,1
4.770395502481873,0,3,1
6.133543452368359,6,1,1
3.6852548920105512,4,3,1
4.902069938283099,3,4,0
6.42282115893099,3,1,0
10.0,7,1,1
6.616072378804143,10,1,1
3.3038688039389825,10,2,1
